SMARTBORDER SKU,Quantity,QuantityUOM,UnitPrice,GrossWeightKG,NumberOfPackages,PackageUOM,CountryOrigin,SPI,ProductClaimCode,Description,ValueOfGoods,LineMfgCustNo,LineMfgName,LineMfgName2Type,LineMfgName2,LineMfgID,LineMfgAddress1,LineMfgAddress2,LineMfgCity,LineMfgState,LineMfgCountry,LineMfgPostalCode,LineBuyerCustNo,LineBuyerName,LineBuyerName2Type,LineBuyerName2,LineBuyerUSTaxID,LineBuyerAddress1,LineBuyerAddress2,LineBuyerCity,LineBuyerState,LineBuyerCountry,LineBuyerPostalCode,LineConsigneeSameAsBuyer,LineConsigneeCustNo,LineConsigneeName,LineConsigneeName2Type,LineConsigneeName2,LineConsigneeUSTaxID,LineConsigneeAddress1,LineConsigneeAddress2,LineConsigneeCity,LineConsigneeState,LineConsigneeCountry,LineConsigneePostalCode,LineNote,Tariff1Number,Tariff1ProductValue,Tariff1Quantity1,Tariff1Quantity1UOM,PartNumber,ACEDescription
10037,,PCS,11.99,,,,XC,,,COFFEE 10 OZ GROUND 454 HORSE POWER BAG,,,Kicking Horse Coffee,,,XCKICHOR491INV,491 Arrow Rd,,Invermere,BC,CA,V0A 1K2,,IMS OF WESTERN NY,,,16-131314301,2540 WALDEN AVE,SUITE 450,BUFFALO,NY,US,14225,,,IMS OF WESTERN NY,,,16-131314301,2540 WALDEN AVE,SUITE 450,BUFFALO,NY,US,14225,,0901.21.0035,,1,KG,10037,Coffee 10oz (284g) Ground 454 Horse Power Cafe Moulu
10038,,PCS,11.99,,,,XC,,,COFFEE 10 OZ GROUND GRIZZLY CLAW BAG,,,Kicking Horse Coffee,,,XCKICHOR491INV,491 Arrow Rd,,Invermere,BC,CA,V0A 1K2,,IMS OF WESTERN NY,,,16-131314301,2540 WALDEN AVE,SUITE 450,BUFFALO,NY,US,14225,,,IMS OF WESTERN NY,,,16-131314301,2540 WALDEN AVE,SUITE 450,BUFFALO,NY,US,14225,,0901.21.0035,,1,KG,10038,Coffee 10oz (284g) Ground Grizzly Claw Cafe Moulu
10039,,PCS,11.99,,,,XC,,,COFFEE 10 OZ GROUND HOLA BAG,,,Kicking Horse Coffee,,,XCKICHOR491INV,491 Arrow Rd,,Invermere,BC,CA,V0A 1K2,,IMS OF WESTERN NY,,,16-131314301,2540 WALDEN AVE,SUITE 450,BUFFALO,NY,US,14225,,,IMS OF WESTERN NY,,,16-131314301,2540 WALDEN AVE,SUITE 450,BUFFALO,NY,US,14225,,0901.21.0035,,1,KG,10039,Coffee 10oz (284g) Ground Hola Cafe Moulu
10040,,PCS,11.99,,,,XC,,,COFFEE 10 OZ GROUND KICK ASS BAG,,,Kicking Horse Coffee,,,XCKICHOR491INV,491 Arrow Rd,,Invermere,BC,CA,V0A 1K2,,IMS OF WESTERN NY,,,16-131314301,2540 WALDEN AVE,SUITE 450,BUFFALO,NY,US,14225,,,IMS OF WESTERN NY,,,16-131314301,2540 WALDEN AVE,SUITE 450,BUFFALO,NY,US,14225,,0901.21.0035,,1,KG,10040,Coffee 10oz (284g) Ground Kick Ass Cafe Moulu
10041,,PCS,11.99,,,,XC,,,COFFEE 10 OZ GROUND SMART ASS BAG,,,Kicking Horse Coffee,,,XCKICHOR491INV,491 Arrow Rd,,Invermere,BC,CA,V0A 1K2,,IMS OF WESTERN NY,,,16-131314301,2540 WALDEN AVE,SUITE 450,BUFFALO,NY,US,14225,,,IMS OF WESTERN NY,,,16-131314301,2540 WALDEN AVE,SUITE 450,BUFFALO,NY,US,14225,,0901.21.0035,,1,KG,10041,Coffee 10oz (284g) Ground Smart Ass Cafe Moulu
10042,,PCS,11.99,,,,XC,,,COFFEE 10 OZ GROUND THREE SISTERS BAG,,,Kicking Horse Coffee,,,XCKICHOR491INV,491 Arrow Rd,,Invermere,BC,CA,V0A 1K2,,IMS OF WESTERN NY,,,16-131314301,2540 WALDEN AVE,SUITE 450,BUFFALO,NY,US,14225,,,IMS OF WESTERN NY,,,16-131314301,2540 WALDEN AVE,SUITE 450,BUFFALO,NY,US,14225,,0901.21.0035,,1,KG,10042,Coffee 10oz (284g) Ground Three Sisters Cafe Moulu
10043,,PCS,11.99,,,,XC,,,COFFEE 10 OZ WHOLE BEAN 454 HORSE POWER BAG,,,Kicking Horse Coffee,,,XCKICHOR491INV,491 Arrow Rd,,Invermere,BC,CA,V0A 1K2,,IMS OF WESTERN NY,,,16-131314301,2540 WALDEN AVE,SUITE 450,BUFFALO,NY,US,14225,,,IMS OF WESTERN NY,,,16-131314301,2540 WALDEN AVE,SUITE 450,BUFFALO,NY,US,14225,,0901.21.0035,,1,KG,10043,Coffee 10oz (284g) Whole Bean 454 Horse Power Bag
10044,,PCS,12.99,,,,XC,,,COFFEE 10 OZ WHOLE BEAN DECAF BAG,,,Kicking Horse Coffee,,,XCKICHOR491INV,491 Arrow Rd,,Invermere,BC,CA,V0A 1K2,,IMS OF WESTERN NY,,,16-131314301,2540 WALDEN AVE,SUITE 450,BUFFALO,NY,US,14225,,,IMS OF WESTERN NY,,,16-131314301,2540 WALDEN AVE,SUITE 450,BUFFALO,NY,US,14225,,0901.22.0035,,1,KG,10044,Coffee 10oz (284g) Whole Bean Decaf Bag
10045,,PCS,11.99,,,,XC,,,COFFEE 10 OZ WHOLE BEAN GRIZZLE CLAW BAG,,,Kicking Horse Coffee,,,XCKICHOR491INV,491 Arrow Rd,,Invermere,BC,CA,V0A 1K2,,IMS OF WESTERN NY,,,16-131314301,2540 WALDEN AVE,SUITE 450,BUFFALO,NY,US,14225,,,IMS OF WESTERN NY,,,16-131314301,2540 WALDEN AVE,SUITE 450,BUFFALO,NY,US,14225,,0901.21.0035,,1,KG,10045,Coffee 10oz (284g) Whole Bean Grizzly Claw Bag
10046,,PCS,11.99,,,,XC,,,COFFEE 10 OZ WHOLE BEAN KICK ASS BAG,,,Kicking Horse Coffee,,,XCKICHOR491INV,491 Arrow Rd,,Invermere,BC,CA,V0A 1K2,,IMS OF WESTERN NY,,,16-131314301,2540 WALDEN AVE,SUITE 450,BUFFALO,NY,US,14225,,,IMS OF WESTERN NY,,,16-131314301,2540 WALDEN AVE,SUITE 450,BUFFALO,NY,US,14225,,0901.21.0035,,1,KG,10046,Coffee 10oz (284g) Whole Bean Kick Ass Bag
10047,,PCS,11.99,,,,XC,,,COFFEE 10 OZ WHOLE BEAN SMART ASS BAG,,,Kicking Horse Coffee,,,XCKICHOR491INV,491 Arrow Rd,,Invermere,BC,CA,V0A 1K2,,IMS OF WESTERN NY,,,16-131314301,2540 WALDEN AVE,SUITE 450,BUFFALO,NY,US,14225,,,IMS OF WESTERN NY,,,16-131314301,2540 WALDEN AVE,SUITE 450,BUFFALO,NY,US,14225,,0901.21.0035,,1,KG,10047,Coffee 10oz (284g) Whole Bean Smart Ass Bag
10048,,PCS,11.99,,,,XC,,,COFFEE 10 OZ WHOLE BEAN THREE SISTERS BAG,,,Kicking Horse Coffee,,,XCKICHOR491INV,491 Arrow Rd,,Invermere,BC,CA,V0A 1K2,,IMS OF WESTERN NY,,,16-131314301,2540 WALDEN AVE,SUITE 450,BUFFALO,NY,US,14225,,,IMS OF WESTERN NY,,,16-131314301,2540 WALDEN AVE,SUITE 450,BUFFALO,NY,US,14225,,0901.21.0035,,1,KG,10048,Coffee 10oz (284g) Whole Bean Three Sisters Bag
10054,,PCS,29.99,,,,XC,,,COFFEE 1 KG WHOLE BEAN 454 HORSE POWER BAG,,,Kicking Horse Coffee,,,XCKICHOR491INV,491 Arrow Rd,,Invermere,BC,CA,V0A 1K2,,IMS OF WESTERN NY,,,16-131314301,2540 WALDEN AVE,SUITE 450,BUFFALO,NY,US,14225,,,IMS OF WESTERN NY,,,16-131314301,2540 WALDEN AVE,SUITE 450,BUFFALO,NY,US,14225,,0901.21.0035,,1,KG,10054,Coffee 1kg (2.2lb) Whole Bean 454 Horse Power Cafe En Grains
10055,,PCS,29.99,,,,XC,,,COFFEE 1 KG WHOLE BEAN CLIFF HANGER ESPRESSO BAG,,,Kicking Horse Coffee,,,XCKICHOR491INV,491 Arrow Rd,,Invermere,BC,CA,V0A 1K2,,IMS OF WESTERN NY,,,16-131314301,2540 WALDEN AVE,SUITE 450,BUFFALO,NY,US,14225,,,IMS OF WESTERN NY,,,16-131314301,2540 WALDEN AVE,SUITE 450,BUFFALO,NY,US,14225,,0901.21.0035,,1,KG,10055,Coffee 1kg (2.2lb) Whole Bean Cliff Hanger Espresso Cafe En Grains
10056,,PCS,32.99,,,,XC,,,COFFEE 1 KG WHOLE BEAN DECAF BAG,,,Kicking Horse Coffee,,,XCKICHOR491INV,491 Arrow Rd,,Invermere,BC,CA,V0A 1K2,,IMS OF WESTERN NY,,,16-131314301,2540 WALDEN AVE,SUITE 450,BUFFALO,NY,US,14225,,,IMS OF WESTERN NY,,,16-131314301,2540 WALDEN AVE,SUITE 450,BUFFALO,NY,US,14225,,0901.22.0035,,1,KG,10056,Coffee 1kg (2.2lb) Whole Bean Decaf Cafe En Grains
10057,,PCS,29.99,,,,XC,,,COFFEE 1 KG WHOLE BEAN GRIZZLY CLAW BAG,,,Kicking Horse Coffee,,,XCKICHOR491INV,491 Arrow Rd,,Invermere,BC,CA,V0A 1K2,,IMS OF WESTERN NY,,,16-131314301,2540 WALDEN AVE,SUITE 450,BUFFALO,NY,US,14225,,,IMS OF WESTERN NY,,,16-131314301,2540 WALDEN AVE,SUITE 450,BUFFALO,NY,US,14225,,0901.21.0035,,1,KG,10057,Coffee 1kg (2.2lb) Whole Bean Grizzly Claw Cafe En Grains
10059,,PCS,29.99,,,,XC,,,COFFEE 1 KG WHOLE BEAN KICK AS BAG,,,Kicking Horse Coffee,,,XCKICHOR491INV,491 Arrow Rd,,Invermere,BC,CA,V0A 1K2,,IMS OF WESTERN NY,,,16-131314301,2540 WALDEN AVE,SUITE 450,BUFFALO,NY,US,14225,,,IMS OF WESTERN NY,,,16-131314301,2540 WALDEN AVE,SUITE 450,BUFFALO,NY,US,14225,,0901.21.0035,,1,KG,10059,Coffee 1kg (2.2lb) Whole Bean Kick Ass Cafe En Grains
10060,,PCS,29.99,,,,XC,,,COFFEE 1 KG WHOLE BEAN SMART ASS BAG,,,Kicking Horse Coffee,,,XCKICHOR491INV,491 Arrow Rd,,Invermere,BC,CA,V0A 1K2,,IMS OF WESTERN NY,,,16-131314301,2540 WALDEN AVE,SUITE 450,BUFFALO,NY,US,14225,,,IMS OF WESTERN NY,,,16-131314301,2540 WALDEN AVE,SUITE 450,BUFFALO,NY,US,14225,,0901.21.0035,,1,KG,10060,Coffee 1kg (2.2lb) Whole Bean Smart Ass Cafe En Grains
10061,,PCS,29.99,,,,XC,,,COFFEE 1 KG WHOLE BEAN THREE SISTERS BAG,,,Kicking Horse Coffee,,,XCKICHOR491INV,491 Arrow Rd,,Invermere,BC,CA,V0A 1K2,,IMS OF WESTERN NY,,,16-131314301,2540 WALDEN AVE,SUITE 450,BUFFALO,NY,US,14225,,,IMS OF WESTERN NY,,,16-131314301,2540 WALDEN AVE,SUITE 450,BUFFALO,NY,US,14225,,0901.21.0035,,1,KG,10061,Coffee 1kg (2.2lb) Whole Bean Three Sisters Cafe En Grains
10062,,PCS,NOT SHIPPED,,,,XC,,,COFFEE 1LB (454G) WHOLE BEAN 454 HORSE POWER / CAFÉ EN GRAINS,,,Kicking Horse Coffee,,,XCKICHOR491INV,491 Arrow Rd,,Invermere,BC,CA,V0A 1K2,,IMS OF WESTERN NY,,,16-131314301,2540 WALDEN AVE,SUITE 450,BUFFALO,NY,US,14225,,,IMS OF WESTERN NY,,,16-131314301,2540 WALDEN AVE,SUITE 450,BUFFALO,NY,US,14225,,0901.21.0035,,1,KG,10062,
10063,,PCS,NOT SHIPPED,,,,XC,,,COFFEE 1LB (454G) WHOLE BEAN CLIFF HANGER ESPRESSO / CAFÉ EN GRAINS,,,Kicking Horse Coffee,,,XCKICHOR491INV,491 Arrow Rd,,Invermere,BC,CA,V0A 1K2,,IMS OF WESTERN NY,,,16-131314301,2540 WALDEN AVE,SUITE 450,BUFFALO,NY,US,14225,,,IMS OF WESTERN NY,,,16-131314301,2540 WALDEN AVE,SUITE 450,BUFFALO,NY,US,14225,,0901.21.0035,,1,KG,10063,
10064,,PCS,NOT SHIPPED,,,,XC,,,COFFEE 1LB (454G) WHOLE BEAN DECAF / CAFÉ EN GRAINS,,,Kicking Horse Coffee,,,XCKICHOR491INV,491 Arrow Rd,,Invermere,BC,CA,V0A 1K2,,IMS OF WESTERN NY,,,16-131314301,2540 WALDEN AVE,SUITE 450,BUFFALO,NY,US,14225,,,IMS OF WESTERN NY,,,16-131314301,2540 WALDEN AVE,SUITE 450,BUFFALO,NY,US,14225,,0901.21.0035,,1,KG,10064,
10065,,PCS,NOT SHIPPED,,,,XC,,,COFFEE 1LB (454G) WHOLE BEAN GRIZZLY CLAW / CAFÉ EN GRAINS,,,Kicking Horse Coffee,,,XCKICHOR491INV,491 Arrow Rd,,Invermere,BC,CA,V0A 1K2,,IMS OF WESTERN NY,,,16-131314301,2540 WALDEN AVE,SUITE 450,BUFFALO,NY,US,14225,,,IMS OF WESTERN NY,,,16-131314301,2540 WALDEN AVE,SUITE 450,BUFFALO,NY,US,14225,,0901.21.0035,,1,KG,10065,
10066,,PCS,NOT SHIPPED,,,,XC,,,COFFEE 1LB (454G) WHOLE BEAN HALF ASS / CAFÉ EN GRAINS,,,Kicking Horse Coffee,,,XCKICHOR491INV,491 Arrow Rd,,Invermere,BC,CA,V0A 1K2,,IMS OF WESTERN NY,,,16-131314301,2540 WALDEN AVE,SUITE 450,BUFFALO,NY,US,14225,,,IMS OF WESTERN NY,,,16-131314301,2540 WALDEN AVE,SUITE 450,BUFFALO,NY,US,14225,,0901.21.0035,,1,KG,10066,
10067,,PCS,NOT SHIPPED,,,,XC,,,COFFEE 1LB (454G) WHOLE BEAN HOLA / CAFÉ EN GRAINS,,,Kicking Horse Coffee,,,XCKICHOR491INV,491 Arrow Rd,,Invermere,BC,CA,V0A 1K2,,IMS OF WESTERN NY,,,16-131314301,2540 WALDEN AVE,SUITE 450,BUFFALO,NY,US,14225,,,IMS OF WESTERN NY,,,16-131314301,2540 WALDEN AVE,SUITE 450,BUFFALO,NY,US,14225,,0901.21.0035,,1,KG,10067,
10068,,PCS,NOT SHIPPED,,,,XC,,,COFFEE 1LB (454G) WHOLE BEAN HOODOO JO / CAFÉ EN GRAINS,,,Kicking Horse Coffee,,,XCKICHOR491INV,491 Arrow Rd,,Invermere,BC,CA,V0A 1K2,,IMS OF WESTERN NY,,,16-131314301,2540 WALDEN AVE,SUITE 450,BUFFALO,NY,US,14225,,,IMS OF WESTERN NY,,,16-131314301,2540 WALDEN AVE,SUITE 450,BUFFALO,NY,US,14225,,0901.21.0035,,1,KG,10068,
10069,,PCS,NOT SHIPPED,,,,XC,,,COFFEE 1LB (454G) WHOLE BEAN KICK ASS / CAFÉ EN GRAINS,,,Kicking Horse Coffee,,,XCKICHOR491INV,491 Arrow Rd,,Invermere,BC,CA,V0A 1K2,,IMS OF WESTERN NY,,,16-131314301,2540 WALDEN AVE,SUITE 450,BUFFALO,NY,US,14225,,,IMS OF WESTERN NY,,,16-131314301,2540 WALDEN AVE,SUITE 450,BUFFALO,NY,US,14225,,0901.21.0035,,1,KG,10069,
10070,,PCS,NOT SHIPPED,,,,XC,,,COFFEE 1LB (454G) WHOLE BEAN PACIFIC PIPELINE / CAFÉ EN GRAINS,,,Kicking Horse Coffee,,,XCKICHOR491INV,491 Arrow Rd,,Invermere,BC,CA,V0A 1K2,,IMS OF WESTERN NY,,,16-131314301,2540 WALDEN AVE,SUITE 450,BUFFALO,NY,US,14225,,,IMS OF WESTERN NY,,,16-131314301,2540 WALDEN AVE,SUITE 450,BUFFALO,NY,US,14225,,0901.21.0035,,1,KG,10070,
10071,,PCS,NOT SHIPPED,,,,XC,,,COFFEE 1LB (454G) WHOLE BEAN SMART ASS / CAFÉ EN GRAINS,,,Kicking Horse Coffee,,,XCKICHOR491INV,491 Arrow Rd,,Invermere,BC,CA,V0A 1K2,,IMS OF WESTERN NY,,,16-131314301,2540 WALDEN AVE,SUITE 450,BUFFALO,NY,US,14225,,,IMS OF WESTERN NY,,,16-131314301,2540 WALDEN AVE,SUITE 450,BUFFALO,NY,US,14225,,0901.21.0035,,1,KG,10071,
10072,,PCS,NOT SHIPPED,,,,XC,,,COFFEE 1LB (454G) WHOLE BEAN THREE SISTERS / CAFÉ EN GRAINS,,,Kicking Horse Coffee,,,XCKICHOR491INV,491 Arrow Rd,,Invermere,BC,CA,V0A 1K2,,IMS OF WESTERN NY,,,16-131314301,2540 WALDEN AVE,SUITE 450,BUFFALO,NY,US,14225,,,IMS OF WESTERN NY,,,16-131314301,2540 WALDEN AVE,SUITE 450,BUFFALO,NY,US,14225,,0901.21.0035,,1,KG,10072,
10073,,PCS,NOT SHIPPED,,,,XC,,,COFFEE 1LB (454G) WHOLE BEAN Z-WRANGLER / CAFÉ EN GRAINS,,,Kicking Horse Coffee,,,XCKICHOR491INV,491 Arrow Rd,,Invermere,BC,CA,V0A 1K2,,IMS OF WESTERN NY,,,16-131314301,2540 WALDEN AVE,SUITE 450,BUFFALO,NY,US,14225,,,IMS OF WESTERN NY,,,16-131314301,2540 WALDEN AVE,SUITE 450,BUFFALO,NY,US,14225,,0901.21.0035,,1,KG,10073,
10249,,PCS,22.99,,,,BD,,,"HAT, BLACK, RETRO TRUCKER, KHC PATCH - WOVEN BASEBALL HAT",,,DHAKEREA LTD,,,,Plot # 56-60 & 73-77 (new 23-27),,Dhaka,,BD,1230,,IMS OF WESTERN NY,,,16-131314301,2540 WALDEN AVE,SUITE 450,BUFFALO,NY,US,14225,,,IMS OF WESTERN NY,,,16-131314301,2540 WALDEN AVE,SUITE 450,BUFFALO,NY,US,14225,,6506.10.3045,,1,KG,10249," Hat, Black, Retro Trucker - Trucker Jim Casquette, Jim Le Trucker "
10253,,PCS,16.99,,,,CN,,,"MUG, CERAMIC, WAKE UP & KICK ASS - THE BEHOLDER",,,ZIBO TOPFINE TRADE CO LTD,,,,122 COMMUNIST YOUTH LEAGUE WEST RD,,ZHANGDIAN,,CN,,,IMS OF WESTERN NY,,,16-131314301,2540 WALDEN AVE,SUITE 450,BUFFALO,NY,US,14225,,,IMS OF WESTERN NY,,,16-131314301,2540 WALDEN AVE,SUITE 450,BUFFALO,NY,US,14225,,6912.00.4400,,1,DPC,10253," Mug, Ceramic, Wake Up Kick Ass - The Beholder Tasse, Ceramique, La Classique "
14789,,PCS,31.99,,,,CN,,,"CAMP CUP, 12-OZ, MIIR, KHC LASER ETCHING- STAINLESS STEEL",,,ZHEJIANG INNOADIR INDUSTRY                        ,,,CNZHEINN41WUY,NO 41 MUDAN RD BAIHUASHAN INDUS,719 BLOOR STREET WEST UNIT 106,WUYI,,CN,,,IMS OF WESTERN NY,,,16-131314301,2540 WALDEN AVE,SUITE 450,BUFFALO,NY,US,14225,,,IMS OF WESTERN NY,,,16-131314301,2540 WALDEN AVE,SUITE 450,BUFFALO,NY,US,14225,,7323.93.0080,,1,KG,14789," Camp Cup, 12oz, Miir - The Dreamer Tasse, Camping, La Reveuse "
14875,,PCS,31.99,,,,CN,,,"CONTIGO SPILL PROOF, 16OZ, MATTE BLACK, WAKE UP & KICK ASS - FULL TANK",,,ZHEJIANG INNOADIR INDUSTRY                        ,,,CNZHEINN41WUY,NO 41 MUDAN RD BAIHUASHAN INDUS,719 BLOOR STREET WEST UNIT 106,WUYI,,CN,,,IMS OF WESTERN NY,,,16-131314301,2540 WALDEN AVE,SUITE 450,BUFFALO,NY,US,14225,,,IMS OF WESTERN NY,,,16-131314301,2540 WALDEN AVE,SUITE 450,BUFFALO,NY,US,14225,,7323.93.0080,,1,KG,14875,"Contigo Spill Proof, 16oz, Matte Black, Wake Up Kick Ass - Full Tank Tasse, La Voyageuse"
15021,,PCS,13.99,,,,US,,,"Tape, Duct, Black, 15 Feet - Git At It Tape",,,Trans-Consolidated Distributors,,,,9710 Topanga Canyon Place,,Chatsworth,CA,US,91311,,IMS OF WESTERN NY,,,16-131314301,2540 WALDEN AVE,SUITE 450,BUFFALO,NY,US,14225,,,IMS OF WESTERN NY,,,16-131314301,2540 WALDEN AVE,SUITE 450,BUFFALO,NY,US,14225,,3919.10.2055,,1,KG,15021," Tape, Duct, Black, 15 Feet - Git-At-It Tape Le Tape A Tout Faire "
15056,,PCS,27.99,,,,XC,,,COFFEE 30 OZ WHOLE BEAN HAPPY CAMPER BAG,,,Kicking Horse Coffee,,,XCKICHOR491INV,491 Arrow Rd,,Invermere,BC,CA,V0A 1K2,,IMS OF WESTERN NY,,,16-131314301,2540 WALDEN AVE,SUITE 450,BUFFALO,NY,US,14225,,,IMS OF WESTERN NY,,,16-131314301,2540 WALDEN AVE,SUITE 450,BUFFALO,NY,US,14225,,0901.21.0035,,1,KG,15056,
15059,,PCS,NOT SHIPPED,,,,XC,,,COFFEE 1 LB WHOLE BEAN LUCKY JIM BAG,,,Kicking Horse Coffee,,,XCKICHOR491INV,491 Arrow Rd,,Invermere,BC,CA,V0A 1K2,,IMS OF WESTERN NY,,,16-131314301,2540 WALDEN AVE,SUITE 450,BUFFALO,NY,US,14225,,,IMS OF WESTERN NY,,,16-131314301,2540 WALDEN AVE,SUITE 450,BUFFALO,NY,US,14225,,0901.21.0035,,1,KG,15059,
15060,,PCS,11.99,,,,XC,,,COFFEE 10 OZ GROUND LUCKY JIM BAG,,,Kicking Horse Coffee,,,XCKICHOR491INV,491 Arrow Rd,,Invermere,BC,CA,V0A 1K2,,IMS OF WESTERN NY,,,16-131314301,2540 WALDEN AVE,SUITE 450,BUFFALO,NY,US,14225,,,IMS OF WESTERN NY,,,16-131314301,2540 WALDEN AVE,SUITE 450,BUFFALO,NY,US,14225,,0901.21.0035,,1,KG,15060,10 OZ BAG - LUCKY JIM GROUND COFFEE CAFE MOULU
15065,,PCS,11.99,,,,XC,,,COFFEE 10 OZ WHOLE BEAN LUCKY JIM BAG,,,Kicking Horse Coffee,,,XCKICHOR491INV,491 Arrow Rd,,Invermere,BC,CA,V0A 1K2,,IMS OF WESTERN NY,,,16-131314301,2540 WALDEN AVE,SUITE 450,BUFFALO,NY,US,14225,,,IMS OF WESTERN NY,,,16-131314301,2540 WALDEN AVE,SUITE 450,BUFFALO,NY,US,14225,,0901.21.0035,,1,KG,15065,COFFEE 10 OZ WHOLE BEAN LUCKY JIM BAG
15066,,PCS,29.99,,,,XC,,,COFFEE 1 KG WHOLE BEAN LUCKY JIM BAG,,,Kicking Horse Coffee,,,XCKICHOR491INV,491 Arrow Rd,,Invermere,BC,CA,V0A 1K2,,IMS OF WESTERN NY,,,16-131314301,2540 WALDEN AVE,SUITE 450,BUFFALO,NY,US,14225,,,IMS OF WESTERN NY,,,16-131314301,2540 WALDEN AVE,SUITE 450,BUFFALO,NY,US,14225,,0901.21.0035,,1,KG,15066,COFFEE 1 KG WHOLE BEAN LUCKY JIM BAG
15647,,PCS,14.99,,,,XC,,,COFFEE 10 OZ WHOLE BEAN TWO-FIVE LIMITED EDITION BAG,,,Kicking Horse Coffee,,,XCKICHOR491INV,491 Arrow Rd,,Invermere,BC,CA,V0A 1K2,,IMS OF WESTERN NY,,,16-131314301,2540 WALDEN AVE,SUITE 450,BUFFALO,NY,US,14225,,,IMS OF WESTERN NY,,,16-131314301,2540 WALDEN AVE,SUITE 450,BUFFALO,NY,US,14225,,0901.21.0035,,1,KG,15647,COFFEE 10 OZ WHOLE BEAN TWO-FIVE LIMITED EDITION BAG
6.80E+11,,PCS,27,,,,XC,,,SCIMAR NUPA DAILY - MOOD RELAXANT,,,GFR PHARMA,,,XCGFRPHA65COQ,65 N BEND ST,,COQUITLAM,BC,CA,V3K 6N9,,IMS OF WESTERN NY,,,16-131314301,2540 WALDEN AVE,SUITE 450,BUFFALO,NY,US,14225,,,IMS OF WESTERN NY,,,16-131314301,2540 WALDEN AVE,SUITE 450,BUFFALO,NY,US,14225,,2106.90.9998,,1,KG,6.80E+11,SciMar NuPa Daily
5.06E+12,,PCS,NOT SHIPPED,,,,,,,,,,,,,,,,,,,,,IMS OF WESTERN NY,,,16-131314301,2540 WALDEN AVE,SUITE 450,BUFFALO,NY,US,14225,,,IMS OF WESTERN NY,,,16-131314301,2540 WALDEN AVE,SUITE 450,BUFFALO,NY,US,14225,,1904.20.1000,,1,KG,5.06E+12,5.06E+12
 Tevida,,PCS,NOT SHIPPED,,,,,,,,,,,,,,,,,,,,,IMS OF WESTERN NY,,,16-131314301,2540 WALDEN AVE,SUITE 450,BUFFALO,NY,US,14225,,,IMS OF WESTERN NY,,,16-131314301,2540 WALDEN AVE,SUITE 450,BUFFALO,NY,US,14225,,1904.20.1000,,1,KG, Tevida, Tevida
1 Single Dark Chocolate Bar,,PCS,40,,,,XO,,,1 SINGLE DARK CHOCOLATE PROTEIN BAR,,,ZORAW SUSTENANCE INC,,,XOZORSUS6668MIS,6-6685 PACIFIC CIRCLE,,MISSISSAUGA,ON,CA,L5T 1V6,,IMS OF WESTERN NY,,,16-131314301,2540 WALDEN AVE,SUITE 450,BUFFALO,NY,US,14225,,,IMS OF WESTERN NY,,,16-131314301,2540 WALDEN AVE,SUITE 450,BUFFALO,NY,US,14225,,1806.90.9090,,1,KG,1 Single Dark Chocolate Bar,1 Single Dark Chocolate Protein Bar
1 Single Milk Chocolate Bar,,PCS,40,,,,XO,,,1 SINGLE MILK CHOCOLATE PROTEIN BAR,,,ZORAW SUSTENANCE INC,,,XOZORSUS6668MIS,6-6685 PACIFIC CIRCLE,,MISSISSAUGA,ON,CA,L5T 1V6,,IMS OF WESTERN NY,,,16-131314301,2540 WALDEN AVE,SUITE 450,BUFFALO,NY,US,14225,,,IMS OF WESTERN NY,,,16-131314301,2540 WALDEN AVE,SUITE 450,BUFFALO,NY,US,14225,,1806.90.9090,,1,KG,1 Single Milk Chocolate Bar,1 Single Milk Chocolate Protein Bar
1A-MIKE,,PCS,NOT SHIPPED,,,,US,,,"SPORES. MIKE'S MUSHROOM MIX - COMPREHENSIVE HEALTH, 60 CAPS DIETARY SUPPLEMENT",,,SDC NUTRITION INC,,,USSDCNUT170PIT,170 INDUSTRY DR,,PITTSBURGH,PA,US,15275,,IMS OF WESTERN NY,,,16-131314301,2540 WALDEN AVE,SUITE 450,BUFFALO,NY,US,14225,,,IMS OF WESTERN NY,,,16-131314301,2540 WALDEN AVE,SUITE 450,BUFFALO,NY,US,14225,,9101.00.1098,,1,KG,1A-MIKE,"Spores. Mike's Mushroom Mix - Comprehensive Health, 60 caps"
2-CHILL,,PCS,NOT SHIPPED,,,,US,,,"SPORE. CHILL OUT - MOOD RELAXANT, 60 CAPS DIETARY SUPPLEMENT",,,SDC NUTRITION INC,,,USSDCNUT170PIT,170 INDUSTRY DR,,PITTSBURGH,PA,US,15275,,IMS OF WESTERN NY,,,16-131314301,2540 WALDEN AVE,SUITE 450,BUFFALO,NY,US,14225,,,IMS OF WESTERN NY,,,16-131314301,2540 WALDEN AVE,SUITE 450,BUFFALO,NY,US,14225,,9101.00.1098,,1,KG,2-CHILL,"Spore. Chill Out - Mood Relaxant, 60 caps"
3A-FOCUS,,PCS,NOT SHIPPED,,,,US,,,"SPORE. FOCUS PERFORMANCE - COGNITIVE SUPPORT, 60 CAPS DIETARY SUPPLEMENT",,,SDC NUTRITION INC,,,USSDCNUT170PIT,170 INDUSTRY DR,,PITTSBURGH,PA,US,15275,,IMS OF WESTERN NY,,,16-131314301,2540 WALDEN AVE,SUITE 450,BUFFALO,NY,US,14225,,,IMS OF WESTERN NY,,,16-131314301,2540 WALDEN AVE,SUITE 450,BUFFALO,NY,US,14225,,9101.00.1098,,1,KG,3A-FOCUS,"Spore. Focus Performance - Cognitive Support, 60 caps"
4A-ENERGY,,PCS,NOT SHIPPED,,,,US,,,SPORE. ENERGY PERFORMANCE - ALL DAY ENDURANCE. 60 CAPS DIETARY SUPPLEMENT,,,SDC NUTRITION INC,,,USSDCNUT170PIT,170 INDUSTRY DR,,PITTSBURGH,PA,US,15275,,IMS OF WESTERN NY,,,16-131314301,2540 WALDEN AVE,SUITE 450,BUFFALO,NY,US,14225,,,IMS OF WESTERN NY,,,16-131314301,2540 WALDEN AVE,SUITE 450,BUFFALO,NY,US,14225,,9101.00.1098,,1,KG,4A-ENERGY,"Spore. Energy Performance - All Day Endurance, 60 caps"
5A-PROTECT,,PCS,NOT SHIPPED,,,,US,,,"SPORE. PROTECT + DEFEND - IMMUNE SUPPORT, 60 CAPS DIETARY SUPPLEMENT",,,SDC NUTRITION INC,,,USSDCNUT170PIT,170 INDUSTRY DR,,PITTSBURGH,PA,US,15275,,IMS OF WESTERN NY,,,16-131314301,2540 WALDEN AVE,SUITE 450,BUFFALO,NY,US,14225,,,IMS OF WESTERN NY,,,16-131314301,2540 WALDEN AVE,SUITE 450,BUFFALO,NY,US,14225,,9101.00.1098,,1,KG,5A-PROTECT," Spore. Protect Defend - Immune Support, 60 caps "
680243764763V2,,PCS,27,,,,XC,,,SCIMAR NUPA DAILY - MOOD RELAXANT,,,GFR PHARMA,,,XCGFRPHA65COQ,65 N BEND ST,,COQUITLAM,BC,CA,V3K 6N9,,IMS OF WESTERN NY,,,16-131314301,2540 WALDEN AVE,SUITE 450,BUFFALO,NY,US,14225,,,IMS OF WESTERN NY,,,16-131314301,2540 WALDEN AVE,SUITE 450,BUFFALO,NY,US,14225,,2106.90.9998,,1,KG,680243764763V2,US NuPa Daily V2
Age Defy - Kit,,PCS,NOT SHIPPED,,,,,,,,,,,,,,,,,,,,,IMS OF WESTERN NY,,,16-131314301,2540 WALDEN AVE,SUITE 450,BUFFALO,NY,US,14225,,,IMS OF WESTERN NY,,,16-131314301,2540 WALDEN AVE,SUITE 450,BUFFALO,NY,US,14225,,1904.20.1000,,1,KG,Age Defy - Kit,Age Defy - Kit
ALPHA-NO2,,PCS,89.95,,,,XO,,,DIETARY SUPPLEMENT,,,NUTRANORTH,,,XONUT1330MIS,1330 FEWSTER DR,,MISSISSAUGA,ON,CA,L4W 1A4,,IMS OF WESTERN NY,,,16-131314301,2540 WALDEN AVE,SUITE 450,BUFFALO,NY,US,14225,,,IMS OF WESTERN NY,,,16-131314301,2540 WALDEN AVE,SUITE 450,BUFFALO,NY,US,14225,,2106.90.9998,,1,KG,ALPHA-NO2,Alpha Nitric Oxide Boost 60 caps
ALPHA-TEST,,PCS,89.95,,,,XO,,,ALPHA PRIMAL XL 60 CAPS,,,NUTRANORTH,,,XONUT1330MIS,1330 FEWSTER DR,,MISSISSAUGA,ON,CA,L4W 1A4,,IMS OF WESTERN NY,,,16-131314301,2540 WALDEN AVE,SUITE 450,BUFFALO,NY,US,14225,,,IMS OF WESTERN NY,,,16-131314301,2540 WALDEN AVE,SUITE 450,BUFFALO,NY,US,14225,,2106.90.9998,,1,KG,ALPHA-TEST,Alpha Primal XL 60 caps
AUTUMNHMPCREAM,,PCS,27,,,,US,,,AUTUMN HARVEST HEMP WRINKLE CREAM - 30ML,,,EAGLE LABS INC,,,USEAGLAB5000SAI,5000 PARK ST N # 1202,,SAINT PETERSBURG,FL,US,33709,,IMS OF WESTERN NY,,,16-131314301,2540 WALDEN AVE,SUITE 450,BUFFALO,NY,US,14225,,,IMS OF WESTERN NY,,,16-131314301,2540 WALDEN AVE,SUITE 450,BUFFALO,NY,US,14225,,2106.90.9998,,1,KG,AUTUMNHMPCREAM,Autumn Harvest Hmp Cream - 30 ml
AUTUMNHMPD,,PCS,68.24,,,,XO,,,AUTUMN HARVEST HEMP DROPS 1 FL OZ,,,NUTRANORTH,,,XONUT1330MIS,1330 FEWSTER DR,,MISSISSAUGA,ON,CA,L4W 1A4,,IMS OF WESTERN NY,,,16-131314301,2540 WALDEN AVE,SUITE 450,BUFFALO,NY,US,14225,,,IMS OF WESTERN NY,,,16-131314301,2540 WALDEN AVE,SUITE 450,BUFFALO,NY,US,14225,,2106.90.9998,,1,KG,AUTUMNHMPD,Autumn Harvest Hmp Drops 1 fl oz
BDRx Kit,,PCS,NOT SHIPPED,,,,,,,,,,,,,,,,,,,,,IMS OF WESTERN NY,,,16-131314301,2540 WALDEN AVE,SUITE 450,BUFFALO,NY,US,14225,,,IMS OF WESTERN NY,,,16-131314301,2540 WALDEN AVE,SUITE 450,BUFFALO,NY,US,14225,,1904.20.1000,,1,KG,BDRx Kit,BDRx Kit
BDRX Packaging,,PCS,NOT SHIPPED,,,,,,,,,,,,,,,,,,,,,IMS OF WESTERN NY,,,16-131314301,2540 WALDEN AVE,SUITE 450,BUFFALO,NY,US,14225,,,IMS OF WESTERN NY,,,16-131314301,2540 WALDEN AVE,SUITE 450,BUFFALO,NY,US,14225,,1904.20.1000,,1,KG,BDRX Packaging,BDRX Packaging
BGXNO2,,PCS,84.49,,,,XO,,,BIOGENX MAXIMUM STRENGTH - 60 CAPS,,,NUTRANORTH,,,XONUT1330MIS,1330 FEWSTER DR,,MISSISSAUGA,ON,CA,L4W 1A4,,IMS OF WESTERN NY,,,16-131314301,2540 WALDEN AVE,SUITE 450,BUFFALO,NY,US,14225,,,IMS OF WESTERN NY,,,16-131314301,2540 WALDEN AVE,SUITE 450,BUFFALO,NY,US,14225,,2106.90.9998,,1,KG,BGXNO2,BioGenX Maximum Strength - 60 caps
BGXTB,,PCS,89.97,,,,XO,,,BIOGENX ADVANCE MALE FORMULA - 60 CAPS,,,NUTRANORTH,,,XONUT1330MIS,1330 FEWSTER DR,,MISSISSAUGA,ON,CA,L4W 1A4,,IMS OF WESTERN NY,,,16-131314301,2540 WALDEN AVE,SUITE 450,BUFFALO,NY,US,14225,,,IMS OF WESTERN NY,,,16-131314301,2540 WALDEN AVE,SUITE 450,BUFFALO,NY,US,14225,,2106.90.9998,,1,KG,BGXTB,BioGenX Advance Male Formula - 60 caps
BIOTECHNO2,,PCS,84.49,,,,XO,,,BIOTECH PRO ADVANCE FORMULA - 60 CAPS,,,NUTRANORTH,,,XONUT1330MIS,1330 FEWSTER DR,,MISSISSAUGA,ON,CA,L4W 1A4,,IMS OF WESTERN NY,,,16-131314301,2540 WALDEN AVE,SUITE 450,BUFFALO,NY,US,14225,,,IMS OF WESTERN NY,,,16-131314301,2540 WALDEN AVE,SUITE 450,BUFFALO,NY,US,14225,,2106.90.9998,,1,KG,BIOTECHNO2,BioTech Pro Advance Formula - 60 caps
BIOTECHPTB,,PCS,89.97,,,,XO,,,BIOTECH PRO ADVANCE MALE COMPLEX - 60 CAPS,,,NUTRANORTH,,,XONUT1330MIS,1330 FEWSTER DR,,MISSISSAUGA,ON,CA,L4W 1A4,,IMS OF WESTERN NY,,,16-131314301,2540 WALDEN AVE,SUITE 450,BUFFALO,NY,US,14225,,,IMS OF WESTERN NY,,,16-131314301,2540 WALDEN AVE,SUITE 450,BUFFALO,NY,US,14225,,2106.90.9998,,1,KG,BIOTECHPTB,BioTech Pro Advance Male Complex - 60 caps
BM-0Q46-O91D_US,,PCS,23.97,,,,XO,,,"US PLANTVITAL OMEGA_3, 120 SOFTGEL CAPS",,,NUTRANORTH,,,XONUT1330MIS,1330 FEWSTER DR,,MISSISSAUGA,ON,CA,L4W 1A4,,IMS OF WESTERN NY,,,16-131314301,2540 WALDEN AVE,SUITE 450,BUFFALO,NY,US,14225,,,IMS OF WESTERN NY,,,16-131314301,2540 WALDEN AVE,SUITE 450,BUFFALO,NY,US,14225,,2106.90.9998,,1,KG,BM-0Q46-O91D_US,US PlantVital Omega 3
BPNO2,,PCS,89.95,,,,XO,,,TESTO BOOST NO2 - NITRIC OXIDE BOOSTER - 60 CAPS,,,NUTRANORTH,,,XONUT1330MIS,1330 FEWSTER DR,,MISSISSAUGA,ON,CA,L4W 1A4,,IMS OF WESTERN NY,,,16-131314301,2540 WALDEN AVE,SUITE 450,BUFFALO,NY,US,14225,,,IMS OF WESTERN NY,,,16-131314301,2540 WALDEN AVE,SUITE 450,BUFFALO,NY,US,14225,,2106.90.9998,,1,KG,BPNO2,Testo Boost NO2 - Nitric Oxide Booster - 60 caps
BPTESTO,,PCS,89.95,,,,XO,,,TESTO BOOST PRIME - MALE ENHANCEMENT - 60 CAPS,,,NUTRANORTH,,,XONUT1330MIS,1330 FEWSTER DR,,MISSISSAUGA,ON,CA,L4W 1A4,,IMS OF WESTERN NY,,,16-131314301,2540 WALDEN AVE,SUITE 450,BUFFALO,NY,US,14225,,,IMS OF WESTERN NY,,,16-131314301,2540 WALDEN AVE,SUITE 450,BUFFALO,NY,US,14225,,2106.90.9998,,1,KG,BPTESTO,Testo Boost Prime - Male Enhancement - 60 caps
CMGR-HMLCREAM,,PCS,NOT SHIPPED,,,,US,,,HEMP MAX LAB ANTI-WRINKLE CREAM - 30 ML,,,EAGLE LABS INC,,,USEAGLAB5000SAI,5000 PARK ST N # 1202,,SAINT PETERSBURG,FL,US,33709,,IMS OF WESTERN NY,,,16-131314301,2540 WALDEN AVE,SUITE 450,BUFFALO,NY,US,14225,,,IMS OF WESTERN NY,,,16-131314301,2540 WALDEN AVE,SUITE 450,BUFFALO,NY,US,14225,,3304.99.5000,,1,KG,CMGR-HMLCREAM,
CMGR-HMLDROPFR,,PCS,NOT SHIPPED,,,,XO,,,HEMP MAX LAB DROPS - 1 FL OZ (FR),,,NUTRANORTH,,,XONUT1370WIN,1370 ARGYLE RD,,WINDSOR,ON,CA,N8Y3K7,,IMS OF WESTERN NY,,,16-131314301,2540 WALDEN AVE,SUITE 450,BUFFALO,NY,US,14225,,,IMS OF WESTERN NY,,,16-131314301,2540 WALDEN AVE,SUITE 450,BUFFALO,NY,US,14225,,2106.90.9998,,1,KG,CMGR-HMLDROPFR,Hmp Max Lab Drops - 1 fl oz (FR) 
CMGR-KETFR,,PCS,NOT SHIPPED,,,,XO,,,KETO ACTIVE 60 CAPS (FR) DIETARY SUPPLEMENT,,,NUTRANORTH,,,XONUT1330MIS,1330 FEWSTER DR,,MISSISSAUGA,ON,CA,L4W 1A4,,IMS OF WESTERN NY,,,16-131314301,2540 WALDEN AVE,SUITE 450,BUFFALO,NY,US,14225,,,IMS OF WESTERN NY,,,16-131314301,2540 WALDEN AVE,SUITE 450,BUFFALO,NY,US,14225,,2106.90.9998,,1,KG,CMGR-KETFR,Keto Active 60 caps (FR)
DARK CHOCOLATE PROTEIN,,PCS,40,,,,XO,,,ZORAW BOX OF 12 PROTEIN CHOCOLATE BARS DARK CHOCOLATE,,,ZORAW SUSTENANCE INC,,,XOZORSUS6668MIS,6-6685 PACIFIC CIRCLE,,MISSISSAUGA,ON,CA,L5T 1V6,,IMS OF WESTERN NY,,,16-131314301,2540 WALDEN AVE,SUITE 450,BUFFALO,NY,US,14225,,,IMS OF WESTERN NY,,,16-131314301,2540 WALDEN AVE,SUITE 450,BUFFALO,NY,US,14225,,1806.90.9090,,1,KG,DARK CHOCOLATE PROTEIN,ZoRaw Box of 12 protein dark chocolate bars 
DJ-XJBZ-AZKP_US,,PCS,23.97,,,,XO,,,"US PLANTVITAL BEETROOT, 120 SOFTGEL CAPS",,,NUTRANORTH,,,XONUT1330MIS,1330 FEWSTER DR,,MISSISSAUGA,ON,CA,L4W 1A4,,IMS OF WESTERN NY,,,16-131314301,2540 WALDEN AVE,SUITE 450,BUFFALO,NY,US,14225,,,IMS OF WESTERN NY,,,16-131314301,2540 WALDEN AVE,SUITE 450,BUFFALO,NY,US,14225,,2106.90.9998,,1,KG,DJ-XJBZ-AZKP_US,US PlantVital Beetroot
EANC,,PCS,35.97,,,,US,,,ESLOR ACTIVE NIGHT CREAM - 50ML,,,RAYALAB,,,USRAY1255NOR,USRAY1255NOR,,NORTH HOLLYWOOD,CA,US,91605,,IMS OF WESTERN NY,,,16-131314301,2540 WALDEN AVE,SUITE 450,BUFFALO,NY,US,14225,,,IMS OF WESTERN NY,,,16-131314301,2540 WALDEN AVE,SUITE 450,BUFFALO,NY,US,14225,,9801.00.1098,,1,KG,EANC,Eslor Active Night Cream - 50ML
EANC-INSERT,,PCS,NOT SHIPPED,,,,,,,,,,,,,,,,,,,,,IMS OF WESTERN NY,,,16-131314301,2540 WALDEN AVE,SUITE 450,BUFFALO,NY,US,14225,,,IMS OF WESTERN NY,,,16-131314301,2540 WALDEN AVE,SUITE 450,BUFFALO,NY,US,14225,,,,1,KG,EANC-INSERT,Eslor Active Night Cream Insert
EANC-RTBX,,PCS,NOT SHIPPED,,,,,,,,,,,,,,,,,,,,,IMS OF WESTERN NY,,,16-131314301,2540 WALDEN AVE,SUITE 450,BUFFALO,NY,US,14225,,,IMS OF WESTERN NY,,,16-131314301,2540 WALDEN AVE,SUITE 450,BUFFALO,NY,US,14225,,,,1,KG,EANC-RTBX,Eslor Active Night Cream Retail Box
ECHLM,,PCS,35.97,,,,US,,,ESLOR CHLOROPHYLL LIFTING MASK,,,CELMARK INTERNATIONAL,,,USRAY1255NOR,USRAY1255NOR,,NORTH HOLLYWOOD,CA,US,91605,,IMS OF WESTERN NY,,,16-131314301,2540 WALDEN AVE,SUITE 450,BUFFALO,NY,US,14225,,,IMS OF WESTERN NY,,,16-131314301,2540 WALDEN AVE,SUITE 450,BUFFALO,NY,US,14225,,9801.00.1098,,1,KG,ECHLM,Eslor Chlorophyll Lifting Mask
ECM,,PCS,35.97,,,,US,,,ESLOR COMFORTING MASK - 50 ML,,,CELMARK INTERNATIONAL,,,USRAY1255NOR,USRAY1255NOR,,NORTH HOLLYWOOD,CA,US,91605,,IMS OF WESTERN NY,,,16-131314301,2540 WALDEN AVE,SUITE 450,BUFFALO,NY,US,14225,,,IMS OF WESTERN NY,,,16-131314301,2540 WALDEN AVE,SUITE 450,BUFFALO,NY,US,14225,,9801.00.1098,,1,KG,ECM,Eslor Comforting Mask - 50 ML
EFCDC,,PCS,35.97,,,,US,,,ESLOR FIRMING COLLAGEN DAY CREAM - 50 ML,,,CELMARK INTERNATIONAL,,,USRAY1255NOR,USRAY1255NOR,,NORTH HOLLYWOOD,CA,US,91605,,IMS OF WESTERN NY,,,16-131314301,2540 WALDEN AVE,SUITE 450,BUFFALO,NY,US,14225,,,IMS OF WESTERN NY,,,16-131314301,2540 WALDEN AVE,SUITE 450,BUFFALO,NY,US,14225,,9801.00.1098,,1,KG,EFCDC,Eslor Firming Collagen Day Cream - 50 ML
EFCDC-BLANK,,PCS,NOT SHIPPED,,,,,,,,,,,,,,,,,,,,,IMS OF WESTERN NY,,,16-131314301,2540 WALDEN AVE,SUITE 450,BUFFALO,NY,US,14225,,,IMS OF WESTERN NY,,,16-131314301,2540 WALDEN AVE,SUITE 450,BUFFALO,NY,US,14225,,,,1,KG,EFCDC-BLANK,Eslor Firming Collagen Day Cream Jar
EFCDC-INSERT,,PCS,NOT SHIPPED,,,,,,,,,,,,,,,,,,,,,IMS OF WESTERN NY,,,16-131314301,2540 WALDEN AVE,SUITE 450,BUFFALO,NY,US,14225,,,IMS OF WESTERN NY,,,16-131314301,2540 WALDEN AVE,SUITE 450,BUFFALO,NY,US,14225,,,,1,KG,EFCDC-INSERT,Eslor Firming Collagen Day Cream Insert
EFCDC-RTBX,,PCS,NOT SHIPPED,,,,,,,,,,,,,,,,,,,,,IMS OF WESTERN NY,,,16-131314301,2540 WALDEN AVE,SUITE 450,BUFFALO,NY,US,14225,,,IMS OF WESTERN NY,,,16-131314301,2540 WALDEN AVE,SUITE 450,BUFFALO,NY,US,14225,,,,1,KG,EFCDC-RTBX,Eslor Firming Collagen Day Cream Retail Box
EMVPCN-BURN,,PCS,89.95,,,,XO,,,PRIME CHOICE NUTRITION BURN STEP ONE IGNITE - 60 CAPS,,,NUTRANORTH,,,XONUT1330MIS,1330 FEWSTER DR,,MISSISSAUGA,ON,CA,L4W 1A4,,IMS OF WESTERN NY,,,16-131314301,2540 WALDEN AVE,SUITE 450,BUFFALO,NY,US,14225,,,IMS OF WESTERN NY,,,16-131314301,2540 WALDEN AVE,SUITE 450,BUFFALO,NY,US,14225,,2106.90.9998,,1,KG,PCN-BURN,Prime Choice Nutrition Burn Step One Ignite - 60 caps
EMVPCN-CLEANSE,,PCS,89.95,,,,XO,,,PRIME CHOICE NUTRITION CLEANSE STEP TWO CLEAN - 60 CAPS,,,NUTRANORTH,,,XONUT1330MIS,1330 FEWSTER DR,,MISSISSAUGA,ON,CA,L4W 1A4,,IMS OF WESTERN NY,,,16-131314301,2540 WALDEN AVE,SUITE 450,BUFFALO,NY,US,14225,,,IMS OF WESTERN NY,,,16-131314301,2540 WALDEN AVE,SUITE 450,BUFFALO,NY,US,14225,,2106.90.9998,,1,KG,PCN-CLEANSE,Prime Choice Nutrition Cleanse Step Two Clean - 60 caps
EMVPCN-HDROPS,,PCS,33,,,,XO,,,PRIME CHOICE NUTRITION HEMP DROPS - 30 ML,,,NUTRANORTH,,,XONUT1330MIS,1330 FEWSTER DR,,MISSISSAUGA,ON,CA,L4W 1A4,,IMS OF WESTERN NY,,,16-131314301,2540 WALDEN AVE,SUITE 450,BUFFALO,NY,US,14225,,,IMS OF WESTERN NY,,,16-131314301,2540 WALDEN AVE,SUITE 450,BUFFALO,NY,US,14225,,2106.90.9998,,1,KG,PCN-HDROPS,
EMVPCN-INSERT,,PCS,NOT SHIPPED,,,,,,,,,,,,,,,,,,,,,IMS OF WESTERN NY,,,16-131314301,2540 WALDEN AVE,SUITE 450,BUFFALO,NY,US,14225,,,IMS OF WESTERN NY,,,16-131314301,2540 WALDEN AVE,SUITE 450,BUFFALO,NY,US,14225,,,,,,PCN-KET,Prime Choice Nutrition Insert
EMVPCN-KET,,PCS,NOT SHIPPED,,,,,,,,,,,,,,,,,,,,,IMS OF WESTERN NY,,,16-131314301,2540 WALDEN AVE,SUITE 450,BUFFALO,NY,US,14225,,,IMS OF WESTERN NY,,,16-131314301,2540 WALDEN AVE,SUITE 450,BUFFALO,NY,US,14225,,,,,,PCN-KET,Prime Choice Nutrition Keto - 60 cap
EMVPCN-PUMP,,PCS,23.97,,,,XO,,,PRIME CHOICE NUTRITION PUMP - NATURAL MEN'S FORMULA - 60 CAPS,,,NUTRANORTH,,,XONUT1330MIS,1330 FEWSTER DR,,MISSISSAUGA,ON,CA,L4W 1A4,,IMS OF WESTERN NY,,,16-131314301,2540 WALDEN AVE,SUITE 450,BUFFALO,NY,US,14225,,,IMS OF WESTERN NY,,,16-131314301,2540 WALDEN AVE,SUITE 450,BUFFALO,NY,US,14225,,2106.90.9998,,1,KG,PCN-PUMP,Prime Choice Nutrition PUMP - Natural Men's Formula - 60 caps
EMVPCN-SLIM,,PCS,33,,,,XO,,,PRIME CHOICE NUTRITION SLIM - STEP THREE TRANSFORMATION - 60 CAPS,,,NUTRANORTH,,,XONUT1330MIS,1330 FEWSTER DR,,MISSISSAUGA,ON,CA,L4W 1A4,,IMS OF WESTERN NY,,,16-131314301,2540 WALDEN AVE,SUITE 450,BUFFALO,NY,US,14225,,,IMS OF WESTERN NY,,,16-131314301,2540 WALDEN AVE,SUITE 450,BUFFALO,NY,US,14225,,2106.90.9998,,1,KG,PCN-SLIM,Prime Choice Nutrition Slim - Step Three Transformation - 60 caps
EMVPCN-TAM,,PCS,23.97,,,,XO,,,PRIME CHOICE NUTRITION TEST.AM - MEN'S MORNING ENERGY FORMULA - 60 CAP,,,NUTRANORTH,,,XONUT1330MIS,1330 FEWSTER DR,,MISSISSAUGA,ON,CA,L4W 1A4,,IMS OF WESTERN NY,,,16-131314301,2540 WALDEN AVE,SUITE 450,BUFFALO,NY,US,14225,,,IMS OF WESTERN NY,,,16-131314301,2540 WALDEN AVE,SUITE 450,BUFFALO,NY,US,14225,,2106.90.9998,,1,KG,PCN-TAM,Prime Choice Nutrition TEST.PM - Men's Evening Growth Formula - 60 caps
EMVPCN-TPM,,PCS,89.95,,,,XO,,,PRIME CHOICE NUTRITION TEST.PM - MEN'S EVENING GROWTH FORMULA - 60 CAP,,,NUTRANORTH,,,XONUT1330MIS,1330 FEWSTER DR,,MISSISSAUGA,ON,CA,L4W 1A4,,IMS OF WESTERN NY,,,16-131314301,2540 WALDEN AVE,SUITE 450,BUFFALO,NY,US,14225,,,IMS OF WESTERN NY,,,16-131314301,2540 WALDEN AVE,SUITE 450,BUFFALO,NY,US,14225,,2106.90.9998,,1,KG,PCN-TPM,Prime Choice Nutrition TEST.AM - Men's Morning Energy Formula - 60 caps
EYE-RENEW,,PCS,35.97,,,,US,,,BIODERM RX EYE RENEW CREAM 15ML .5 FL OZ,,,CELMARK INTERNATIONAL,,,USCELINT2600ORL,2600 TITAN ROW,,ORLANDO,FL,US,32809,,IMS OF WESTERN NY,,,16-131314301,2540 WALDEN AVE,SUITE 450,BUFFALO,NY,US,14225,,,IMS OF WESTERN NY,,,16-131314301,2540 WALDEN AVE,SUITE 450,BUFFALO,NY,US,14225,,3304.99.5000,,1,KG,Eye-Renew,Eye Renew 0.5 fl oz Skin Care
FLAWLESS,,PCS,89.97,,,,US,,,OHP-FLAWLESS BIODERM RX FLAWLESS FACE CLEANSING GEL 2 FL OZ,,,CELMARK INTERNATIONAL,,,USCELINT2600ORL,2600 TITAN ROW,,ORLANDO,FL,US,32809,,IMS OF WESTERN NY,,,16-131314301,2540 WALDEN AVE,SUITE 450,BUFFALO,NY,US,14225,,,IMS OF WESTERN NY,,,16-131314301,2540 WALDEN AVE,SUITE 450,BUFFALO,NY,US,14225,,3304.99.5000,,1,KG,Flawless,Flawless Face 2 fl oz
JARA-BOX-US,,PCS,NOT SHIPPED,,,,XW,,,INDIVIDUAL JAR BOX - US,,,STALCO INC,,,XOSTAINC401NOR,401 CLAYSON RD,,NORTH YORK,ON,CA,M9M 2H4,,IMS OF WESTERN NY,,,16-131314301,2540 WALDEN AVE,SUITE 450,BUFFALO,NY,US,14225,,,IMS OF WESTERN NY,,,16-131314301,2540 WALDEN AVE,SUITE 450,BUFFALO,NY,US,14225,,1904.20.1000,,1,KG,JARA-BOX-US,Individual Jar Box - US
JARA-BOX-US,,PCS,NOT SHIPPED,,,,XW,,,INDIVIDUAL JAR BOX - US,,,STALCO INC,,,XOSTAINC401NOR,401 CLAYSON RD,,NORTH YORK,ON,CA,M9M 2H4,,IMS OF WESTERN NY,,,16-131314301,2540 WALDEN AVE,SUITE 450,BUFFALO,NY,US,14225,,,IMS OF WESTERN NY,,,16-131314301,2540 WALDEN AVE,SUITE 450,BUFFALO,NY,US,14225,,1904.20.1000,,1,KG,JARA-BOX-US,Individual Jar Box
JARA-KIT,,PCS,NOT SHIPPED,,,,IT,,,INDIVIDUALLY BOXED PRINTED GLASS JAR,,,BRUNI GLASS,,,ITBRUGLANAV,VIALE CRISTOFORO COLOMBO,12 TREZZANO SUL,NAVIGLIO,,IT,20090,,IMS OF WESTERN NY,,,16-131314301,2540 WALDEN AVE,SUITE 450,BUFFALO,NY,US,14225,,,IMS OF WESTERN NY,,,16-131314301,2540 WALDEN AVE,SUITE 450,BUFFALO,NY,US,14225,,7010.90.5035,,1,KG,JARA-KIT,Individually Boxed Printed Glass Jar - US
JARA-KIT,,PCS,NOT SHIPPED,,,,IT,,,INDIVIDUALLY BOXED PRINTED GLASS JAR,,,BRUNI GLASS,,,ITBRUGLANAV,VIALE CRISTOFORO COLOMBO,12 TREZZANO SUL,NAVIGLIO,,IT,20090,,IMS OF WESTERN NY,,,16-131314301,2540 WALDEN AVE,SUITE 450,BUFFALO,NY,US,14225,,,IMS OF WESTERN NY,,,16-131314301,2540 WALDEN AVE,SUITE 450,BUFFALO,NY,US,14225,,7010.90.5035,,1,KG,JARA-KIT,Individually Boxed Printed Glass Jar
Kicking Horse Coffee Unboxing Notecard,,PCS,NOT SHIPPED,,,,,,,,,,,,,,,,,,,,,IMS OF WESTERN NY,,,16-131314301,2540 WALDEN AVE,SUITE 450,BUFFALO,NY,US,14225,,,IMS OF WESTERN NY,,,16-131314301,2540 WALDEN AVE,SUITE 450,BUFFALO,NY,US,14225,,1904.20.1000,,1,KG,Kicking Horse Coffee Unboxing Notecard,Kicking Horse Coffee Unboxing Notecard
L7-618Q-OW1O_US,,PCS,23.97,,,,XO,,,"US PLANTVITAL B COMPLEX, 60 CAPS",,,NUTRANORTH,,,XONUT1330MIS,1330 FEWSTER DR,,MISSISSAUGA,ON,CA,L4W 1A4,,IMS OF WESTERN NY,,,16-131314301,2540 WALDEN AVE,SUITE 450,BUFFALO,NY,US,14225,,,IMS OF WESTERN NY,,,16-131314301,2540 WALDEN AVE,SUITE 450,BUFFALO,NY,US,14225,,2106.90.9998,,1,KG,L7-618Q-OW1O_US,US PlantVital B Complex
LIDA,,PCS,NOT SHIPPED,,,,,,,,,,,,,,,,,,,,,IMS OF WESTERN NY,,,16-131314301,2540 WALDEN AVE,SUITE 450,BUFFALO,NY,US,14225,,,IMS OF WESTERN NY,,,16-131314301,2540 WALDEN AVE,SUITE 450,BUFFALO,NY,US,14225,,1904.20.1000,,1,KG,LIDA,Lid for glass jar (A) - Black
LIVADERM-EYE,,PCS,35.97,,,,US,,,LIVADERM SKIN CARE RETINOL EYE SERUM 15 ML,,,WPS SKIN CARE MANUFACTURING LLC,,,USWPSSKI7205SAI,7205 30TH AVE,,SAINT PETERSBURG,FL,US,33710,,IMS OF WESTERN NY,,,16-131314301,2540 WALDEN AVE,SUITE 450,BUFFALO,NY,US,14225,,,IMS OF WESTERN NY,,,16-131314301,2540 WALDEN AVE,SUITE 450,BUFFALO,NY,US,14225,,3304.99.5000,,1,KG,LIVADERM-EYE,LivaDerma Skin Care Retinol Eye Serum 15 ml
LIVADERM-FACE,,PCS,35.97,,,,US,,,LIVADERM SKIN CARE RETINOL EYE SERUM 15 ML,,,WPS SKIN CARE MANUFACTURING LLC,,,USWPSSKI7205SAI,7205 30TH AVE,,SAINT PETERSBURG,FL,US,33710,,IMS OF WESTERN NY,,,16-131314301,2540 WALDEN AVE,SUITE 450,BUFFALO,NY,US,14225,,,IMS OF WESTERN NY,,,16-131314301,2540 WALDEN AVE,SUITE 450,BUFFALO,NY,US,14225,,3304.99.5000,,1,KG,LIVADERM-FACE,LivaDerma Skin Care Retinol Face Cream 30 ml
MAG,,PCS,10,,,,XQ,,,MAGAZINE,,,STALCO INC,,,XOSTAINC401NOR,401 CLAYSON RD,,NORTH YORK,ON,CA,M9M 2H4,,IMS OF WESTERN NY,,,16-131314301,2540 WALDEN AVE,SUITE 450,BUFFALO,NY,US,14225,,,IMS OF WESTERN NY,,,16-131314301,2540 WALDEN AVE,SUITE 450,BUFFALO,NY,US,14225,,1904.20.1000,,1,KG,MAG,Magazine
MILK CHOCOLATE PROTEIN,,PCS,40,,,,XO,,,ZORAW BOX OF 12 PROTEIN CHOCOLATE BARS MILK CHOCOLATE,,,ZORAW SUSTENANCE INC,,,XOZORSUS6668MIS,6-6685 PACIFIC CIRCLE,,MISSISSAUGA,ON,CA,L5T 1V6,,IMS OF WESTERN NY,,,16-131314301,2540 WALDEN AVE,SUITE 450,BUFFALO,NY,US,14225,,,IMS OF WESTERN NY,,,16-131314301,2540 WALDEN AVE,SUITE 450,BUFFALO,NY,US,14225,,1806.90.9090,,1,KG,MILK CHOCOLATE PROTEIN,ZoRaw Box of 12 protein milk chocolate bars 
MILK CHOCOLATE PROTEIN (WITH ALMOND,,PCS,40,,,,XO,,,ZORAW BOX OF 12 PROTEIN CHOCOLATE BARS MILK CHOC W/ ALMONDS,,,ZORAW SUSTENANCE INC,,,XOZORSUS6668MIS,6-6685 PACIFIC CIRCLE,,MISSISSAUGA,ON,CA,L5T 1V6,,IMS OF WESTERN NY,,,16-131314301,2540 WALDEN AVE,SUITE 450,BUFFALO,NY,US,14225,,,IMS OF WESTERN NY,,,16-131314301,2540 WALDEN AVE,SUITE 450,BUFFALO,NY,US,14225,,1806.90.9090,,1,KG,MILK CHOCOLATE PROTEIN (WITH ALMOND,ZoRaw Box of 12 milk protein chocolate bars (with almond)
MO-AllureCoffee,,PCS,NOT SHIPPED,,,,XO,,,NO-ALLURECOFFEE ALLURE GREEN COFFEE DIETARY SUPPLEMENT 60 CAPS,,,NUTRANORTH,,,XONUT1330MIS,1330 FEWSTER DR,,MISSISSAUGA,ON,CA,L4W 1A4,,IMS OF WESTERN NY,,,16-131314301,2540 WALDEN AVE,SUITE 450,BUFFALO,NY,US,14225,,,IMS OF WESTERN NY,,,16-131314301,2540 WALDEN AVE,SUITE 450,BUFFALO,NY,US,14225,,2106.90.9998,,1,KG,MO-AllureCoffee,ALLURE GREEN COFFEE DIETARY SUPPLEMENT 60 CAPS
MO-BisoEye,,PCS,NOT SHIPPED,,,,US,,,NO-BISOEYE BISOU ADVANCED SKIN CARE AGELESS EYE SERUM 15ML .5OZ,,,WPS SKIN CARE MANUFACTURING LLC,,,USWPSSKI7205SAI,7205 30TH AVE,,SAINT PETERSBURG,FL,US,33710,,IMS OF WESTERN NY,,,16-131314301,2540 WALDEN AVE,SUITE 450,BUFFALO,NY,US,14225,,,IMS OF WESTERN NY,,,16-131314301,2540 WALDEN AVE,SUITE 450,BUFFALO,NY,US,14225,,3304.99.5000,,1,KG,MO-BisoEye,BISOU ADVANCED SKIN CARE AGELESS EYE SERUM 0.5 OZ
MO-BisoFace,,PCS,NOT SHIPPED,,,,US,,,BO-BISOFACE BISOU ADVANCED SKINCARE REVITALIZING AGELESS MOISTURIZER,,,WPS SKIN CARE MANUFACTURING LLC,,,USWPSSKI7205SAI,7205 30TH AVE,,SAINT PETERSBURG,FL,US,33710,,IMS OF WESTERN NY,,,16-131314301,2540 WALDEN AVE,SUITE 450,BUFFALO,NY,US,14225,,,IMS OF WESTERN NY,,,16-131314301,2540 WALDEN AVE,SUITE 450,BUFFALO,NY,US,14225,,3304.99.5000,,1,KG,MO-BisoFace,BISOU ADVANCED SKIN CARE REVITALIZING AGELESS MOISTURIZER 1 OZ 
MO-CELIEYE,,PCS,NOT SHIPPED,,,,US,,,CELINE AGELESS EYE SERUM .5OZ,,,WPS SKIN CARE MANUFACTURING LLC,,,USWPSSKI7205SAI,7205 30TH AVE,,SAINT PETERSBURG,FL,US,33710,,IMS OF WESTERN NY,,,16-131314301,2540 WALDEN AVE,SUITE 450,BUFFALO,NY,US,14225,,,IMS OF WESTERN NY,,,16-131314301,2540 WALDEN AVE,SUITE 450,BUFFALO,NY,US,14225,,3304.99.5000,,1,KG,MO-CeliEye,Celine Ageless Eye Serum 0.5 oz
MO-CELIFACE,,PCS,NOT SHIPPED,,,,US,,,CELINE AGELESS MOISTURIZER 1 OZ,,,WPS SKIN CARE MANUFACTURING LLC,,,USWPSSKI7205SAI,7205 30TH AVE,,SAINT PETERSBURG,FL,US,33710,,IMS OF WESTERN NY,,,16-131314301,2540 WALDEN AVE,SUITE 450,BUFFALO,NY,US,14225,,,IMS OF WESTERN NY,,,16-131314301,2540 WALDEN AVE,SUITE 450,BUFFALO,NY,US,14225,,3304.99.5000,,1,KG,MO-CeliFace,Celine Ageless Moisturizer 1 oz
MO-G10ADVANCEBLEND,,PCS,NOT SHIPPED,,,,XO,,,GO FORCE ADVANCE BLEND DIETARY SUPPLEMENT 60 CAPS,,,NUTRANORTH,,,XONUT1330MIS,1330 FEWSTER DR,,MISSISSAUGA,ON,CA,L4W 1A4,,IMS OF WESTERN NY,,,16-131314301,2540 WALDEN AVE,SUITE 450,BUFFALO,NY,US,14225,,,IMS OF WESTERN NY,,,16-131314301,2540 WALDEN AVE,SUITE 450,BUFFALO,NY,US,14225,,2106.90.9998,,1,KG,MO-G10AdvanceBlend,G10 Force Advance Blend 
MO-G10CONTROLMAX,,PCS,NOT SHIPPED,,,,XO,,,GO FORCE CONTROL MAX DIETARY SUPPLEMENT 60 CAPS,,,NUTRANORTH,,,XONUT1330MIS,1330 FEWSTER DR,,MISSISSAUGA,ON,CA,L4W 1A4,,IMS OF WESTERN NY,,,16-131314301,2540 WALDEN AVE,SUITE 450,BUFFALO,NY,US,14225,,,IMS OF WESTERN NY,,,16-131314301,2540 WALDEN AVE,SUITE 450,BUFFALO,NY,US,14225,,2106.90.9998,,1,KG,MO-G10ControlMax,G10 Force Control Max
MO-G3COFFEE,,PCS,NOT SHIPPED,,,,XO,,,MO-G3COFFEE G3000 GREEN COFFEE DIETARY SUPPLEMENT 60 CAPS,,,NUTRANORTH,,,XONUT1330MIS,1330 FEWSTER DR,,MISSISSAUGA,ON,CA,L4W 1A4,,IMS OF WESTERN NY,,,16-131314301,2540 WALDEN AVE,SUITE 450,BUFFALO,NY,US,14225,,,IMS OF WESTERN NY,,,16-131314301,2540 WALDEN AVE,SUITE 450,BUFFALO,NY,US,14225,,2106.90.9998,,1,KG,MO-G3Coffee,G3000 GREEN COFFEE DIETARY SUPPLEMENT 60 CAPS
MO-GARCINIAPURE,,PCS,NOT SHIPPED,,,,XO,,,GARCINIA CAMBOGIA PURE DIETARY SUPPLEMENTS 60 CAPS,,,NUTRANORTH,,,XONUT1330MIS,1330 FEWSTER DR,,MISSISSAUGA,ON,CA,L4W 1A4,,IMS OF WESTERN NY,,,16-131314301,2540 WALDEN AVE,SUITE 450,BUFFALO,NY,US,14225,,,IMS OF WESTERN NY,,,16-131314301,2540 WALDEN AVE,SUITE 450,BUFFALO,NY,US,14225,,2106.90.9998,,1,KG,MO-GarciniaPure,GARCINIA CAMBOGIA PURE DIETARY SUPPLEMENT 60 CAPS
MO-GENTIULTRA,,PCS,NOT SHIPPED,,,,XO,,,GENTIV ULTRA 60 CAPS  DIETARY SUPPLEMENT,,,NUTRANORTH,,,XONUT1330MIS,1330 FEWSTER DR,,MISSISSAUGA,ON,CA,L4W 1A4,,IMS OF WESTERN NY,,,16-131314301,2540 WALDEN AVE,SUITE 450,BUFFALO,NY,US,14225,,,IMS OF WESTERN NY,,,16-131314301,2540 WALDEN AVE,SUITE 450,BUFFALO,NY,US,14225,,2106.90.9998,,1,KG,MO-GentiUltra,Gentiv Ultra 60 caps
MO-KADVANCEFORSKOLIN,,PCS,NOT SHIPPED,,,,XO,,,KETO ADVANCE FORSKOLIN 30 CAPS DIETARY SUPPLEMENT,,,NUTRANORTH,,,XONUT1330MIS,1330 FEWSTER DR,,MISSISSAUGA,ON,CA,L4W 1A4,,IMS OF WESTERN NY,,,16-131314301,2540 WALDEN AVE,SUITE 450,BUFFALO,NY,US,14225,,,IMS OF WESTERN NY,,,16-131314301,2540 WALDEN AVE,SUITE 450,BUFFALO,NY,US,14225,,2106.90.9998,,1,KG,MO-KAdvanceForskolin,Keto Advance Forskolin 30 Caps
MO-KC3000FORSKOLIN,,PCS,NOT SHIPPED,,,,XO,,,KC3000 FORSKOLIN 30 CAPS DIETARY SUPPLEMENT,,,NUTRANORTH,,,XONUT1330MIS,1330 FEWSTER DR,,MISSISSAUGA,ON,CA,L4W 1A4,,IMS OF WESTERN NY,,,16-131314301,2540 WALDEN AVE,SUITE 450,BUFFALO,NY,US,14225,,,IMS OF WESTERN NY,,,16-131314301,2540 WALDEN AVE,SUITE 450,BUFFALO,NY,US,14225,,2106.90.9998,,1,KG,MO-KC3000Forskolin,KC3000 Forskolin 30 caps
MO-KCOMPLETEFORSKOLIN,,PCS,NOT SHIPPED,,,,XO,,,FORSKOLIN KETO COMPLETE DIETARY SUPPLEMENT,,,NUTRANORTH,,,XONUT1330MIS,1330 FEWSTER DR,,MISSISSAUGA,ON,CA,L4W 1A4,,IMS OF WESTERN NY,,,16-131314301,2540 WALDEN AVE,SUITE 450,BUFFALO,NY,US,14225,,,IMS OF WESTERN NY,,,16-131314301,2540 WALDEN AVE,SUITE 450,BUFFALO,NY,US,14225,,2106.90.9998,,1,KG,MO-KCompleteForskolin,Forskolin Keto Complete
MO-KCOMPLETEGARCINIA,,PCS,NOT SHIPPED,,,,XO,,,GARCINIA RAPID COMPLETE DIETARY SUPPLEMENT 60 CAPS,,,NUTRANORTH,,,XONUT1330MIS,1330 FEWSTER DR,,MISSISSAUGA,ON,CA,L4W 1A4,,IMS OF WESTERN NY,,,16-131314301,2540 WALDEN AVE,SUITE 450,BUFFALO,NY,US,14225,,,IMS OF WESTERN NY,,,16-131314301,2540 WALDEN AVE,SUITE 450,BUFFALO,NY,US,14225,,2106.90.9998,,1,KG,MO-KCompleteGarcinia,Garcinia Rapid Complete
MO-KETOBFORSKOLIN,,PCS,NOT SHIPPED,,,,XO,,,KETOBOOST FORSKOLIN GARCINIA CAPSULES (60 CAPS PER BOTTLE),,,NUTRANORTH,,,XONUT1330MIS,1330 FEWSTER DR,,MISSISSAUGA,ON,CA,L4W 1A4,,IMS OF WESTERN NY,,,16-131314301,2540 WALDEN AVE,SUITE 450,BUFFALO,NY,US,14225,,,IMS OF WESTERN NY,,,16-131314301,2540 WALDEN AVE,SUITE 450,BUFFALO,NY,US,14225,,2106.90.9998,,1,KG,MO-KetoBForskolin,Ketoboost Forskolin 30 Caps
MO-KETOCFORSKOLIN,,PCS,NOT SHIPPED,,,,XO,,,KETOCYCLE FORSKOLIN - 30 CAPS DIETARY SUPPLEMENTS,,,NUTRANORTH,,,XONUT1330MIS,1330 FEWSTER DR,,MISSISSAUGA,ON,CA,L4W 1A4,,IMS OF WESTERN NY,,,16-131314301,2540 WALDEN AVE,SUITE 450,BUFFALO,NY,US,14225,,,IMS OF WESTERN NY,,,16-131314301,2540 WALDEN AVE,SUITE 450,BUFFALO,NY,US,14225,,2106.90.9998,,1,KG,MO-KetoCForskolin,KetoCycle Forskolin - 30 caps
MO-LEVIAFLEXMAX,,PCS,NOT SHIPPED,,,,XO,,,LEVIAFLEX CONTROL MAX 60 CAPS DIETARY SUPPLEMENT,,,NUTRANORTH,,,XONUT1330MIS,1330 FEWSTER DR,,MISSISSAUGA,ON,CA,L4W 1A4,,IMS OF WESTERN NY,,,16-131314301,2540 WALDEN AVE,SUITE 450,BUFFALO,NY,US,14225,,,IMS OF WESTERN NY,,,16-131314301,2540 WALDEN AVE,SUITE 450,BUFFALO,NY,US,14225,,2106.90.9998,,1,KG,MO-LeviaflexMax,Leviaflex Control Max
MO-LIVAEYE,,PCS,NOT SHIPPED,,,,US,,,LIVALI AGELESS EYE SERUM .5 OZ 15ML,,,WPS SKIN CARE MANUFACTURING LLC,,,USWPSSKI7205SAI,7205 30TH AVE,,SAINT PETERSBURG,FL,US,33710,,IMS OF WESTERN NY,,,16-131314301,2540 WALDEN AVE,SUITE 450,BUFFALO,NY,US,14225,,,IMS OF WESTERN NY,,,16-131314301,2540 WALDEN AVE,SUITE 450,BUFFALO,NY,US,14225,,3304.99.5000,,1,KG,MO-LivaEye,Livali Ageless Eye Serum 0.5 oz
MO-LIVAFACE,,PCS,NOT SHIPPED,,,,US,,,LIVALI AGELESS MOISTURIZER 1OZ 30ML,,,WPS SKIN CARE MANUFACTURING LLC,,,USWPSSKI7205SAI,7205 30TH AVE,,SAINT PETERSBURG,FL,US,33710,,IMS OF WESTERN NY,,,16-131314301,2540 WALDEN AVE,SUITE 450,BUFFALO,NY,US,14225,,,IMS OF WESTERN NY,,,16-131314301,2540 WALDEN AVE,SUITE 450,BUFFALO,NY,US,14225,,3304.99.5000,,1,KG,MO-LivaFace,Livali Ageless Moisturizer 1 oz
MO-LUCINEEYE,,PCS,NOT SHIPPED,,,,US,,,LUCINEUX EYE 15 ML EYE SERUM,,,WPS SKIN CARE MANUFACTURING LLC,,,USWPSSKI7205SAI,7205 30TH AVE,,SAINT PETERSBURG,FL,US,33710,,IMS OF WESTERN NY,,,16-131314301,2540 WALDEN AVE,SUITE 450,BUFFALO,NY,US,14225,,,IMS OF WESTERN NY,,,16-131314301,2540 WALDEN AVE,SUITE 450,BUFFALO,NY,US,14225,,3304.99.5000,,1,KG,MO-LUCINEEYE,Lucineux Eye 
MO-LUCINEFACE,,PCS,NOT SHIPPED,,,,US,,,LUCINEUX FACE 1OZ (30ML)  SKIN MOISTURIZER,,,WPS SKIN CARE MANUFACTURING LLC,,,USWPSSKI7205SAI,7205 30TH AVE,,SAINT PETERSBURG,FL,US,33710,,IMS OF WESTERN NY,,,16-131314301,2540 WALDEN AVE,SUITE 450,BUFFALO,NY,US,14225,,,IMS OF WESTERN NY,,,16-131314301,2540 WALDEN AVE,SUITE 450,BUFFALO,NY,US,14225,,3304.99.5000,,1,KG,MO-LUCINEFACE,Lucineux Face 
MO-LUDIEYE,,PCS,NOT SHIPPED,,,,US,,,LUDICENE EYE 15 ML    EYE SERUM .5OZ,,,WPS SKIN CARE MANUFACTURING LLC,,,USWPSSKI7205SAI,7205 30TH AVE,,SAINT PETERSBURG,FL,US,33710,,IMS OF WESTERN NY,,,16-131314301,2540 WALDEN AVE,SUITE 450,BUFFALO,NY,US,14225,,,IMS OF WESTERN NY,,,16-131314301,2540 WALDEN AVE,SUITE 450,BUFFALO,NY,US,14225,,3304.99.5000,,1,KG,MO-LUDIEYE,Ludicene Eye 
MO-LUDIFACE,,PCS,NOT SHIPPED,,,,US,,,LUDICENE FACE 30 ML  SKIN MOISTURIZER,,,WPS SKIN CARE MANUFACTURING LLC,,,USWPSSKI7205SAI,7205 30TH AVE,,SAINT PETERSBURG,FL,US,33710,,IMS OF WESTERN NY,,,16-131314301,2540 WALDEN AVE,SUITE 450,BUFFALO,NY,US,14225,,,IMS OF WESTERN NY,,,16-131314301,2540 WALDEN AVE,SUITE 450,BUFFALO,NY,US,14225,,3304.99.5000,,1,KG,MO-LUDIFACE,Ludicene Face 
MO-LumEye,,PCS,NOT SHIPPED,,,,US,,,MO-LUMEYE LUMINEUX AGELESS EYE SERUM  .5 OZ,,,WPS SKIN CARE MANUFACTURING LLC,,,USWPSSKI7205SAI,7205 30TH AVE,,SAINT PETERSBURG,FL,US,33710,,IMS OF WESTERN NY,,,16-131314301,2540 WALDEN AVE,SUITE 450,BUFFALO,NY,US,14225,,,IMS OF WESTERN NY,,,16-131314301,2540 WALDEN AVE,SUITE 450,BUFFALO,NY,US,14225,,3304.99.5000,,1,KG,MO-LumEye,LUMINEUX EYE SERUM 0.5 OZ
MO-RAPIDBGARCINIA,,PCS,NOT SHIPPED,,,,XO,,,RAPID BOOST GARCINIA CAPSULES  (60 CAPS PER BOTTLE),,,NUTRANORTH,,,XONUT1330MIS,1330 FEWSTER DR,,MISSISSAUGA,ON,CA,L4W 1A4,,IMS OF WESTERN NY,,,16-131314301,2540 WALDEN AVE,SUITE 450,BUFFALO,NY,US,14225,,,IMS OF WESTERN NY,,,16-131314301,2540 WALDEN AVE,SUITE 450,BUFFALO,NY,US,14225,,2106.90.9998,,1,KG,MO-RapidBGarcinia,Rapid Boost Garcinia Dietary Supplement 60 Caps
MO-RAPIDCGARCINIA,,PCS,NOT SHIPPED,,,,XO,,,RAPIDCYCLE GARCINIA - 60 CAPS  DIETARY SUPPLEMENTS,,,NUTRANORTH,,,XONUT1330MIS,1330 FEWSTER DR,,MISSISSAUGA,ON,CA,L4W 1A4,,IMS OF WESTERN NY,,,16-131314301,2540 WALDEN AVE,SUITE 450,BUFFALO,NY,US,14225,,,IMS OF WESTERN NY,,,16-131314301,2540 WALDEN AVE,SUITE 450,BUFFALO,NY,US,14225,,2106.90.9998,,1,KG,MO-RapidCGarcinia,RapidCycle Garcinia - 60 caps
MO-SK2COFFEE,,PCS,NOT SHIPPED,,,,XO,,,SK2000 GARCINIA DIETARY SUPPLEMENT 60 CAPS,,,NUTRANORTH,,,XONUT1330MIS,1330 FEWSTER DR,,MISSISSAUGA,ON,CA,L4W 1A4,,IMS OF WESTERN NY,,,16-131314301,2540 WALDEN AVE,SUITE 450,BUFFALO,NY,US,14225,,,IMS OF WESTERN NY,,,16-131314301,2540 WALDEN AVE,SUITE 450,BUFFALO,NY,US,14225,,2106.90.9998,,1,KG,MO-SK2Coffee,SK2000 Green Coffee Dietary Supplement 60 Caps
MO-SK2GARCINIA,,PCS,NOT SHIPPED,,,,XO,,,SK2000 GARCINIA DIETARY SUPPLEMENT 60 CAPS,,,NUTRANORTH,,,XONUT1330MIS,1330 FEWSTER DR,,MISSISSAUGA,ON,CA,L4W 1A4,,IMS OF WESTERN NY,,,16-131314301,2540 WALDEN AVE,SUITE 450,BUFFALO,NY,US,14225,,,IMS OF WESTERN NY,,,16-131314301,2540 WALDEN AVE,SUITE 450,BUFFALO,NY,US,14225,,2106.90.9998,,1,KG,MO-SK2Garcinia,SK2000 Garcinia Cambogia Dietary Supplement 60 Caps
MO-SLIM2KGARCINIA,,PCS,NOT SHIPPED,,,,XO,,,GARCINIA SLIM 2000 DIETARY SUPPLEMENTS 60 CAPS,,,NUTRANORTH,,,XONUT1330MIS,1330 FEWSTER DR,,MISSISSAUGA,ON,CA,L4W 1A4,,IMS OF WESTERN NY,,,16-131314301,2540 WALDEN AVE,SUITE 450,BUFFALO,NY,US,14225,,,IMS OF WESTERN NY,,,16-131314301,2540 WALDEN AVE,SUITE 450,BUFFALO,NY,US,14225,,2106.90.9998,,1,KG,MO-SLIM2KGARCINIA,????
MO-SPCOFFEE,,PCS,NOT SHIPPED,,,,XO,,,GREEN COFFEE SLIM PLUS DIETARY SUPPLEMENTS 60 CAPS,,,NUTRANORTH,,,XONUT1330MIS,1330 FEWSTER DR,,MISSISSAUGA,ON,CA,L4W 1A4,,IMS OF WESTERN NY,,,16-131314301,2540 WALDEN AVE,SUITE 450,BUFFALO,NY,US,14225,,,IMS OF WESTERN NY,,,16-131314301,2540 WALDEN AVE,SUITE 450,BUFFALO,NY,US,14225,,2106.90.9998,,1,KG,MO-SPCoffee,Slim Plus Green Coffee Dietary Supplement 60 Caps
MO-SPGARCINIA,,PCS,NOT SHIPPED,,,,XO,,,GARCINIA CAMBOGIA SLIM PLUS DIETARY SUPPLEMENTS 60 CAPS,,,NUTRANORTH,,,XONUT1330MIS,1330 FEWSTER DR,,MISSISSAUGA,ON,CA,L4W 1A4,,IMS OF WESTERN NY,,,16-131314301,2540 WALDEN AVE,SUITE 450,BUFFALO,NY,US,14225,,,IMS OF WESTERN NY,,,16-131314301,2540 WALDEN AVE,SUITE 450,BUFFALO,NY,US,14225,,2106.90.9998,,1,KG,MO-SPGarcinia,Slim Plus Garcinia Cambogia Dietary Supplement 60 Caps
MO-TREMBOTEST,,PCS,NOT SHIPPED,,,,XO,,,TREMBOLEX ULTRA TESTOSTERONE BOOSTER 60CAPS,,,NUTRANORTH,,,XONUT1330MIS,1330 FEWSTER DR,,MISSISSAUGA,ON,CA,L4W 1A4,,IMS OF WESTERN NY,,,16-131314301,2540 WALDEN AVE,SUITE 450,BUFFALO,NY,US,14225,,,IMS OF WESTERN NY,,,16-131314301,2540 WALDEN AVE,SUITE 450,BUFFALO,NY,US,14225,,2106.90.9998,,1,KG,MO-TremboTest,Trembolex Ultra Dietary Supplement 60 Caps
MO-TREMBOVIGOR,,PCS,NOT SHIPPED,,,,XO,,,TREMBOLEX VIGOR MALE ENHANCEMENT BLEND 60CAPS,,,NUTRANORTH,,,XONUT1330MIS,1330 FEWSTER DR,,MISSISSAUGA,ON,CA,L4W 1A4,,IMS OF WESTERN NY,,,16-131314301,2540 WALDEN AVE,SUITE 450,BUFFALO,NY,US,14225,,,IMS OF WESTERN NY,,,16-131314301,2540 WALDEN AVE,SUITE 450,BUFFALO,NY,US,14225,,2106.90.9998,,1,KG,MO-TremboVigor,Trembolex Vigor Dietary Supplement 60 Caps
MO-VANDAFILADVANCE,,PCS,NOT SHIPPED,,,,XO,,,VANDAFIL ADVANCE BLEND 60 CAPS DIETARY SUPPLEMENT,,,NUTRANORTH,,,XONUT1330MIS,1330 FEWSTER DR,,MISSISSAUGA,ON,CA,L4W 1A4,,IMS OF WESTERN NY,,,16-131314301,2540 WALDEN AVE,SUITE 450,BUFFALO,NY,US,14225,,,IMS OF WESTERN NY,,,16-131314301,2540 WALDEN AVE,SUITE 450,BUFFALO,NY,US,14225,,2106.90.9998,,1,KG,MO-VandafilAdvance,Vandafil Advance Blend 
MO-VANDAFILMAX,,PCS,NOT SHIPPED,,,,XO,,,VANDAFIL CONTROL MAX 60 CAPS DIETARY SUPPLEMENT,,,NUTRANORTH,,,XONUT1330MIS,1330 FEWSTER DR,,MISSISSAUGA,ON,CA,L4W 1A4,,IMS OF WESTERN NY,,,16-131314301,2540 WALDEN AVE,SUITE 450,BUFFALO,NY,US,14225,,,IMS OF WESTERN NY,,,16-131314301,2540 WALDEN AVE,SUITE 450,BUFFALO,NY,US,14225,,2106.90.9998,,1,KG,MO-VandafilMax,Vandafil Control Max 
MO-VANDEXULTRA,,PCS,NOT SHIPPED,,,,XO,,,VANDERXAFIL ULTRA MALE ENHANCEMENT COMPLEX 60CAPS,,,NUTRANORTH,,,XONUT1330MIS,1330 FEWSTER DR,,MISSISSAUGA,ON,CA,L4W 1A4,,IMS OF WESTERN NY,,,16-131314301,2540 WALDEN AVE,SUITE 450,BUFFALO,NY,US,14225,,,IMS OF WESTERN NY,,,16-131314301,2540 WALDEN AVE,SUITE 450,BUFFALO,NY,US,14225,,2106.90.9998,,1,KG,MO-VandexUltra,Vandexafil Ultra Dietary Supplement 60 Caps
MO-VANDEXVIGOR,,PCS,NOT SHIPPED,,,,XO,,,VANDERAXFIL VIGOR  TESTOSTERONE SUPPORT 60CAPS,,,NUTRANORTH,,,XONUT1330MIS,1330 FEWSTER DR,,MISSISSAUGA,ON,CA,L4W 1A4,,IMS OF WESTERN NY,,,16-131314301,2540 WALDEN AVE,SUITE 450,BUFFALO,NY,US,14225,,,IMS OF WESTERN NY,,,16-131314301,2540 WALDEN AVE,SUITE 450,BUFFALO,NY,US,14225,,2106.90.9998,,1,KG,MO-VandexVigor,Vandexafil Vigor Dietary Supplement 60 Caps
MO-VIANADVANCEBLEND,,PCS,NOT SHIPPED,,,,XO,,,VIANTIS ADVANCED BLEND DIETARY SUPPLEMENT 60 CAPS,,,NUTRANORTH,,,XONUT1330MIS,1330 FEWSTER DR,,MISSISSAUGA,ON,CA,L4W 1A4,,IMS OF WESTERN NY,,,16-131314301,2540 WALDEN AVE,SUITE 450,BUFFALO,NY,US,14225,,,IMS OF WESTERN NY,,,16-131314301,2540 WALDEN AVE,SUITE 450,BUFFALO,NY,US,14225,,2106.90.9998,,1,KG,MO-VianAdvanceBlend,Viantis Advance Blend
MO-VIANCONTROLMA,,PCS,NOT SHIPPED,,,,XO,,,VIANTIS CONTROL MAX DIETARY SUPPLEMENT 60 CAPS,,,NUTRANORTH,,,XONUT1330MIS,1330 FEWSTER DR,,MISSISSAUGA,ON,CA,L4W 1A4,,IMS OF WESTERN NY,,,16-131314301,2540 WALDEN AVE,SUITE 450,BUFFALO,NY,US,14225,,,IMS OF WESTERN NY,,,16-131314301,2540 WALDEN AVE,SUITE 450,BUFFALO,NY,US,14225,,2106.90.9998,,1,KG,MO-VianControlMax,Viantis Control Max
MO-ZTCoffee,,PCS,NOT SHIPPED,,,,XO,,,MO-ZTCOFFEE GREEN COFFEE ZT DIETARY SUPPLEMENT 60 CAPS,,,NUTRANORTH,,,XONUT1330MIS,1330 FEWSTER DR,,MISSISSAUGA,ON,CA,L4W 1A4,,IMS OF WESTERN NY,,,16-131314301,2540 WALDEN AVE,SUITE 450,BUFFALO,NY,US,14225,,,IMS OF WESTERN NY,,,16-131314301,2540 WALDEN AVE,SUITE 450,BUFFALO,NY,US,14225,,2106.90.9998,,1,KG,MO-ZTCoffee,GREEN COFFEE ZT DIETARY SUPPLEMENT 60 CAPS
MO-ZTGarcinia,,PCS,NOT SHIPPED,,,,XO,,,MO-ZTGARCINIA GARCINIA CAMBOGIA ZT DIETARY SUPPLEMENT 60 CAP,,,NUTRANORTH,,,XONUT1330MIS,1330 FEWSTER DR,,MISSISSAUGA,ON,CA,L4W 1A4,,IMS OF WESTERN NY,,,16-131314301,2540 WALDEN AVE,SUITE 450,BUFFALO,NY,US,14225,,,IMS OF WESTERN NY,,,16-131314301,2540 WALDEN AVE,SUITE 450,BUFFALO,NY,US,14225,,2106.90.9998,,1,KG,MO-ZTGarcinia,GARCINIA CAMBOGIA ZT DIETARY SUPPLEMENT 60 CAP
NCF-US,,PCS,NOT SHIPPED,,,,XQ,,,FLYER,,,STALCO INC,,,XOSTAINC401NOR,401 CLAYSON RD,,NORTH YORK,ON,CA,M9M 2H4,,IMS OF WESTERN NY,,,16-131314301,2540 WALDEN AVE,SUITE 450,BUFFALO,NY,US,14225,,,IMS OF WESTERN NY,,,16-131314301,2540 WALDEN AVE,SUITE 450,BUFFALO,NY,US,14225,,1904.20.1000,,1,KG,NCF-US,New Customer Flyer - US
NCF-US,,PCS,NOT SHIPPED,,,,XQ,,,FLYER,,,STALCO INC,,,XOSTAINC401NOR,401 CLAYSON RD,,NORTH YORK,ON,CA,M9M 2H4,,IMS OF WESTERN NY,,,16-131314301,2540 WALDEN AVE,SUITE 450,BUFFALO,NY,US,14225,,,IMS OF WESTERN NY,,,16-131314301,2540 WALDEN AVE,SUITE 450,BUFFALO,NY,US,14225,,1904.20.1000,,1,KG,NCF-US,New Customer Flyer (v2) - CAN
NCFV1,,PCS,0.1,,,,XQ,,,FLYER,,,STALCO INC,,,XOSTAINC401NOR,401 CLAYSON RD,,NORTH YORK,ON,CA,M9M 2H4,,IMS OF WESTERN NY,,,16-131314301,2540 WALDEN AVE,SUITE 450,BUFFALO,NY,US,14225,,,IMS OF WESTERN NY,,,16-131314301,2540 WALDEN AVE,SUITE 450,BUFFALO,NY,US,14225,,1904.20.1000,,1,KG,NCFV1,New Customer Flyer (v1) - CAN
NEL-USCLEANSE,,PCS,89.95,,,,XO,,,VINYASA CLEANSE 60 CAPS,,,NUTRANORTH,,,XONUT1330MIS,1330 FEWSTER DR,,MISSISSAUGA,ON,CA,L4W 1A4,,IMS OF WESTERN NY,,,16-131314301,2540 WALDEN AVE,SUITE 450,BUFFALO,NY,US,14225,,,IMS OF WESTERN NY,,,16-131314301,2540 WALDEN AVE,SUITE 450,BUFFALO,NY,US,14225,,2106.90.9998,,1,KG,NEL-USCLEANSE,Vinyasa Cleanse 60 caps - US
NEL-USKETO,,PCS,89.95,,,,XO,,,KETO LIFE 60 CAPS,,,NUTRANORTH,,,XONUT1330MIS,1330 FEWSTER DR,,MISSISSAUGA,ON,CA,L4W 1A4,,IMS OF WESTERN NY,,,16-131314301,2540 WALDEN AVE,SUITE 450,BUFFALO,NY,US,14225,,,IMS OF WESTERN NY,,,16-131314301,2540 WALDEN AVE,SUITE 450,BUFFALO,NY,US,14225,,2106.90.9998,,1,KG,NEL-USKETO,Keto Life 60 Caps - US
OHP-AGEDEFYCLEAR,,PCS,89.97,,,,US,,,BIODERM AGE DEFY RX ANTI WRINKLE SERUM 30ML 1 FL OZ,,,CELMARK INTERNATIONAL,,,USCELINT2600ORL,2600 TITAN ROW,,ORLANDO,FL,US,32809,,IMS OF WESTERN NY,,,16-131314301,2540 WALDEN AVE,SUITE 450,BUFFALO,NY,US,14225,,,IMS OF WESTERN NY,,,16-131314301,2540 WALDEN AVE,SUITE 450,BUFFALO,NY,US,14225,,3304.99.5000,,1,KG,OHP-AgeDefyClear,Age Defy Clear Bottles 1 fl oz
OHP-EYEVIRTUE,,PCS,27,,,,US,,,BIODERMRX EYE VIRTUE - EYE COMPLEX  15 ML,,,WPS SKIN CARE MANUFACTURING LLC,,,USWPSSKI7205SAI,7205 30TH AVE,,SAINT PETERSBURG,FL,US,33710,,IMS OF WESTERN NY,,,16-131314301,2540 WALDEN AVE,SUITE 450,BUFFALO,NY,US,14225,,,IMS OF WESTERN NY,,,16-131314301,2540 WALDEN AVE,SUITE 450,BUFFALO,NY,US,14225,,3304.99.5000,,1,KG,OHP-EyeVirtue,Eye Virtue - 15 ml
OHP-FRSKLN-US,,PCS,89.95,,,,XO,,,SF180 FORSKOLIN - DIETARY SUPPLEMENT 30 CAPS,,,NUTRANORTH,,,XONUT1330MIS,1330 FEWSTER DR,,MISSISSAUGA,ON,CA,L4W 1A4,,IMS OF WESTERN NY,,,16-131314301,2540 WALDEN AVE,SUITE 450,BUFFALO,NY,US,14225,,,IMS OF WESTERN NY,,,16-131314301,2540 WALDEN AVE,SUITE 450,BUFFALO,NY,US,14225,,2106.90.9998,,1,KG,OHP-FRSKLN-US,US SF180 Forskolin - 30 caps
OHP-Instalift     ,,PCS,89.97,,,,US,,,OHP-INSTALIFT BIODERM RX INSTA-LIFT 90 SECOND WRINKLE REDUCER  20ML,,,CELMARK INTERNATIONAL,,,USCELINT2600ORL,2600 TITAN ROW,,ORLANDO,FL,US,32809,,IMS OF WESTERN NY,,,16-131314301,2540 WALDEN AVE,SUITE 450,BUFFALO,NY,US,14225,,,IMS OF WESTERN NY,,,16-131314301,2540 WALDEN AVE,SUITE 450,BUFFALO,NY,US,14225,,3304.99.5000,,1,KG,OHP-GW-InstaLift,Instalift 0.5 fl oz
OHP-KETO-US-M,,PCS,89.95,,,,XO,,,SF180 KETO 60 CAPS,,,NUTRANORTH,,,XONUT1330MIS,1330 FEWSTER DR,,MISSISSAUGA,ON,CA,L4W 1A4,,IMS OF WESTERN NY,,,16-131314301,2540 WALDEN AVE,SUITE 450,BUFFALO,NY,US,14225,,,IMS OF WESTERN NY,,,16-131314301,2540 WALDEN AVE,SUITE 450,BUFFALO,NY,US,14225,,2106.90.9998,,1,KG,OHP-KETO-US-M,SF180 Keto 60 Caps
OHP-LASHSERUM,,PCS,27,,,,US,,,BIODERMRX LASH SERUM,,,WPS SKIN CARE MANUFACTURING LLC,,,USWPSSKI7205SAI,7205 30TH AVE,,SAINT PETERSBURG,FL,US,33710,,IMS OF WESTERN NY,,,16-131314301,2540 WALDEN AVE,SUITE 450,BUFFALO,NY,US,14225,,,IMS OF WESTERN NY,,,16-131314301,2540 WALDEN AVE,SUITE 450,BUFFALO,NY,US,14225,,3304.99.5000,,1,KG,OHP-LASHSERUM,BioDermRX Lash Serum
OHP-LIPPLUMPER,,PCS,35.97,,,,US,,,BIODERMRX LIP PLUMPER 5ML .17OZ,,,WPS SKIN CARE MANUFACTURING LLC,,,USWPSSKI7205SAI,7205 30TH AVE,,SAINT PETERSBURG,FL,US,33710,,IMS OF WESTERN NY,,,16-131314301,2540 WALDEN AVE,SUITE 450,BUFFALO,NY,US,14225,,,IMS OF WESTERN NY,,,16-131314301,2540 WALDEN AVE,SUITE 450,BUFFALO,NY,US,14225,,3304.99.5000,,1,KG,OHP-LipPlumper,BioDermRX Lip Plumper 0.17 oz
OHP-NN-BRAIN,,PCS,89.95,,,,XO,,,US SF 180 BRAIN - 60 CAPS,,,NUTRANORTH,,,XONUT1330MIS,1330 FEWSTER DR,,MISSISSAUGA,ON,CA,L4W 1A4,,IMS OF WESTERN NY,,,16-131314301,2540 WALDEN AVE,SUITE 450,BUFFALO,NY,US,14225,,,IMS OF WESTERN NY,,,16-131314301,2540 WALDEN AVE,SUITE 450,BUFFALO,NY,US,14225,,2106.90.9998,,1,KG,OHP-NN-Brain,US SF180 Brain - 60 caps
OHP-NN-CLEANSE,,PCS,89.95,,,,XO,,,SF180 CLEANSE - 60 CAPS,,,NUTRANORTH,,,XONUT1330MIS,1330 FEWSTER DR,,MISSISSAUGA,ON,CA,L4W 1A4,,IMS OF WESTERN NY,,,16-131314301,2540 WALDEN AVE,SUITE 450,BUFFALO,NY,US,14225,,,IMS OF WESTERN NY,,,16-131314301,2540 WALDEN AVE,SUITE 450,BUFFALO,NY,US,14225,,2106.90.9998,,1,KG,OHP-NN-Cleanse,SF180 Cleanse - 60 caps
OHP-NN-ENERGY,,PCS,89.95,,,,XO,,,US SF 180 ENERGY - 60 CAPS,,,NUTRANORTH,,,XONUT1330MIS,1330 FEWSTER DR,,MISSISSAUGA,ON,CA,L4W 1A4,,IMS OF WESTERN NY,,,16-131314301,2540 WALDEN AVE,SUITE 450,BUFFALO,NY,US,14225,,,IMS OF WESTERN NY,,,16-131314301,2540 WALDEN AVE,SUITE 450,BUFFALO,NY,US,14225,,2106.90.9998,,1,KG,OHP-NN-Energy,US SF180 Energy - 60 caps
OHP-NN-GREENCOFFEE,,PCS,89.95,,,,XO,,,US SF180 GREEN COFFEE - 60 CAPS,,,NUTRANORTH,,,XONUT1330MIS,1330 FEWSTER DR,,MISSISSAUGA,ON,CA,L4W 1A4,,IMS OF WESTERN NY,,,16-131314301,2540 WALDEN AVE,SUITE 450,BUFFALO,NY,US,14225,,,IMS OF WESTERN NY,,,16-131314301,2540 WALDEN AVE,SUITE 450,BUFFALO,NY,US,14225,,2106.90.9998,,1,KG,OHP-NN-GreenCoffee,US SF180 Green Coffee - 60 caps
OHP-NN-IMMUNE,,PCS,33,,,,XO,,,SF180 IMMUNE  - 60 CAPS,,,NUTRANORTH,,,XONUT1330MIS,1330 FEWSTER DR,,MISSISSAUGA,ON,CA,L4W 1A4,,IMS OF WESTERN NY,,,16-131314301,2540 WALDEN AVE,SUITE 450,BUFFALO,NY,US,14225,,,IMS OF WESTERN NY,,,16-131314301,2540 WALDEN AVE,SUITE 450,BUFFALO,NY,US,14225,,2106.90.9998,,1,KG,OHP-NN-Immune,SF180 Immune - 60 caps 
OHP-NN-SLEEP,,PCS,89.95,,,,XO,,,US SF180 SLEEP - 45 CAPS,,,NUTRANORTH,,,XONUT1330MIS,1330 FEWSTER DR,,MISSISSAUGA,ON,CA,L4W 1A4,,IMS OF WESTERN NY,,,16-131314301,2540 WALDEN AVE,SUITE 450,BUFFALO,NY,US,14225,,,IMS OF WESTERN NY,,,16-131314301,2540 WALDEN AVE,SUITE 450,BUFFALO,NY,US,14225,,2106.90.9998,,1,KG,OHP-NN-Sleep,US SF180 Sleep - 45 caps
OHP-SF180-US,,PCS,89.95,,,,XO,,,SLIMFIT180 GARCINIA CAMBOGIA DIETARY SUPPLEMENT CAPSULES 60 CAPS,,,NUTRANORTH,,,XONUT1330MIS,1330 FEWSTER DR,,MISSISSAUGA,ON,CA,L4W 1A4,,IMS OF WESTERN NY,,,16-131314301,2540 WALDEN AVE,SUITE 450,BUFFALO,NY,US,14225,,,IMS OF WESTERN NY,,,16-131314301,2540 WALDEN AVE,SUITE 450,BUFFALO,NY,US,14225,,2106.90.9998,,1,KG,OHP-SF180-US,SlimFit180 Garcinia (US)
OHP-SF180-US,,PCS,89.95,,,,XO,,,SLIMFIT180 GARCINIA CAMBOGIA DIETARY SUPPLEMENT CAPSULES 60 CAPS,,,NUTRANORTH,,,XONUT1330MIS,1330 FEWSTER DR,,MISSISSAUGA,ON,CA,L4W 1A4,,IMS OF WESTERN NY,,,16-131314301,2540 WALDEN AVE,SUITE 450,BUFFALO,NY,US,14225,,,IMS OF WESTERN NY,,,16-131314301,2540 WALDEN AVE,SUITE 450,BUFFALO,NY,US,14225,,2106.90.9998,,1,KG,OHP-SF180-US,SlimFit 180 Garcinia (CAN)
OHP-SKINBLISS,,PCS,35.97,,,,US,,,BIODERMRX SKIN BLISS - AGELESS COMPLEX 30 ML,,,WPS SKIN CARE MANUFACTURING LLC,,,USWPSSKI7205SAI,7205 30TH AVE,,SAINT PETERSBURG,FL,US,33710,,IMS OF WESTERN NY,,,16-131314301,2540 WALDEN AVE,SUITE 450,BUFFALO,NY,US,14225,,,IMS OF WESTERN NY,,,16-131314301,2540 WALDEN AVE,SUITE 450,BUFFALO,NY,US,14225,,3304.99.5000,,1,KG,OHP-SkinBliss,Skin Bliss Ageless Complex - 30 ml
OHP-STRESS-US,,PCS,89.95,,,,XO,,,SF180 STRESS & ANXIETY  DIETARY SUPPLEMENT 60 CAPS,,,NUTRANORTH,,,XONUT1330MIS,1330 FEWSTER DR,,MISSISSAUGA,ON,CA,L4W 1A4,,IMS OF WESTERN NY,,,16-131314301,2540 WALDEN AVE,SUITE 450,BUFFALO,NY,US,14225,,,IMS OF WESTERN NY,,,16-131314301,2540 WALDEN AVE,SUITE 450,BUFFALO,NY,US,14225,,2106.90.9998,,1,KG,OHP-STRESS-US,US SF180 Stress - 60 caps
OMS-ADVCLEANSE,,PCS,89.95,,,,XO,,,ADVANCE KETONES CLEANSE 60 CAPS,,,NUTRANORTH,,,XONUT1330MIS,1330 FEWSTER DR,,MISSISSAUGA,ON,CA,L4W 1A4,,IMS OF WESTERN NY,,,16-131314301,2540 WALDEN AVE,SUITE 450,BUFFALO,NY,US,14225,,,IMS OF WESTERN NY,,,16-131314301,2540 WALDEN AVE,SUITE 450,BUFFALO,NY,US,14225,,2106.90.9998,,1,KG,OMS-ADVCLEANSE,Advance Ketones Cleanse 60 caps
OMS-ADVKETO,,PCS,89.95,,,,XO,,,ADVANCE KETONES 60 CAPSULES,,,NUTRANORTH,,,XONUT1330MIS,1330 FEWSTER DR,,MISSISSAUGA,ON,CA,L4W 1A4,,IMS OF WESTERN NY,,,16-131314301,2540 WALDEN AVE,SUITE 450,BUFFALO,NY,US,14225,,,IMS OF WESTERN NY,,,16-131314301,2540 WALDEN AVE,SUITE 450,BUFFALO,NY,US,14225,,2106.90.9998,,1,KG,OMS-ADVKETO,Advance Ketones 60 Capsules
OMS-KIGNITECLEANSE,,PCS,89.95,,,,XO,,,KETO IGNITE CLEANSE 60 CAPS DIETARY SUPPLEMENT,,,NUTRANORTH,,,XONUT1330MIS,1330 FEWSTER DR,,MISSISSAUGA,ON,CA,L4W 1A4,,IMS OF WESTERN NY,,,16-131314301,2540 WALDEN AVE,SUITE 450,BUFFALO,NY,US,14225,,,IMS OF WESTERN NY,,,16-131314301,2540 WALDEN AVE,SUITE 450,BUFFALO,NY,US,14225,,2106.90.9998,,1,KG,OMS-KIGNITECLEANSE,Keto Ignite Cleanse 60 Caps
OMS-KIGNITEKETO,,PCS,89.95,,,,XO,,,KETO IGNITE SUPPLEMENT 60 CAPS,,,NUTRANORTH,,,XONUT1330MIS,1330 FEWSTER DR,,MISSISSAUGA,ON,CA,L4W 1A4,,IMS OF WESTERN NY,,,16-131314301,2540 WALDEN AVE,SUITE 450,BUFFALO,NY,US,14225,,,IMS OF WESTERN NY,,,16-131314301,2540 WALDEN AVE,SUITE 450,BUFFALO,NY,US,14225,,2106.90.9998,,1,KG,OMS-KIGNITEKETO,Keto Ignite Supplement 60 Caps
OMS-LBEYE,,PCS,89.97,,,,US,,,LA BELLA EYE REJUVENATION SERUM 0.5 OZ,,,WPS SKIN CARE MANUFACTURING LLC,,,USWPSSKI7205SAI,7205 30TH AVE,,SAINT PETERSBURG,FL,US,33710,,IMS OF WESTERN NY,,,16-131314301,2540 WALDEN AVE,SUITE 450,BUFFALO,NY,US,14225,,,IMS OF WESTERN NY,,,16-131314301,2540 WALDEN AVE,SUITE 450,BUFFALO,NY,US,14225,,3304.99.5000,,1,KG,OMS-LBEYE,Bella Revival Eye Rejuvenation Serum 0.5 oz
OMS-LBFACE,,PCS,89.97,,,,US,,,LA BELLA ANTI-AGING FACE MOISTURIZER 1 OZ,,,WPS SKIN CARE MANUFACTURING LLC,,,USWPSSKI7205SAI,7205 30TH AVE,,SAINT PETERSBURG,FL,US,33710,,IMS OF WESTERN NY,,,16-131314301,2540 WALDEN AVE,SUITE 450,BUFFALO,NY,US,14225,,,IMS OF WESTERN NY,,,16-131314301,2540 WALDEN AVE,SUITE 450,BUFFALO,NY,US,14225,,3304.99.5000,,1,KG,OMS-LBFACE,Bella Revival Anti-Aging Face Moisturizer 1 oz
OMS-RAEYE,,PCS,35.97,,,,US,,,REJUVE ALLURE ANTI-AGING EYE REVITALIZER 15 ML,,,WPS SKIN CARE MANUFACTURING LLC,,,USWPSSKI7205SAI,7205 30TH AVE,,SAINT PETERSBURG,FL,US,33710,,IMS OF WESTERN NY,,,16-131314301,2540 WALDEN AVE,SUITE 450,BUFFALO,NY,US,14225,,,IMS OF WESTERN NY,,,16-131314301,2540 WALDEN AVE,SUITE 450,BUFFALO,NY,US,14225,,3304.99.5000,,1,KG,OMS-RAEYE,Rejuve Allure Anti-Aging Eye Revitalizer 15 ml
OMS-RAFACE,,PCS,35.97,,,,US,,,REJUVE ALLURE ANTI-AGING FACE MOISTURIZER 30 ML,,,WPS SKIN CARE MANUFACTURING LLC,,,USWPSSKI7205SAI,7205 30TH AVE,,SAINT PETERSBURG,FL,US,33710,,IMS OF WESTERN NY,,,16-131314301,2540 WALDEN AVE,SUITE 450,BUFFALO,NY,US,14225,,,IMS OF WESTERN NY,,,16-131314301,2540 WALDEN AVE,SUITE 450,BUFFALO,NY,US,14225,,3304.99.5000,,1,KG,OMS-RAFACE,Rejuve Allure Anti-Aging Face Moisturizer 30 ml
PKG012,,PCS,NOT SHIPPED,,,,,,,,,,,,,,,,,,,,,IMS OF WESTERN NY,,,16-131314301,2540 WALDEN AVE,SUITE 450,BUFFALO,NY,US,14225,,,IMS OF WESTERN NY,,,16-131314301,2540 WALDEN AVE,SUITE 450,BUFFALO,NY,US,14225,,1904.20.1000,,1,KG,PKG012,Shipping Box (12)
PKG024,,PCS,NOT SHIPPED,,,,,,,,,,,,,,,,,,,,,IMS OF WESTERN NY,,,16-131314301,2540 WALDEN AVE,SUITE 450,BUFFALO,NY,US,14225,,,IMS OF WESTERN NY,,,16-131314301,2540 WALDEN AVE,SUITE 450,BUFFALO,NY,US,14225,,1904.20.1000,,1,KG,PKG024,Shipping Box (24)
Prostagorx,,PCS,NOT SHIPPED,,,,,,,,,,,,,,,,,,,,,IMS OF WESTERN NY,,,16-131314301,2540 WALDEN AVE,SUITE 450,BUFFALO,NY,US,14225,,,IMS OF WESTERN NY,,,16-131314301,2540 WALDEN AVE,SUITE 450,BUFFALO,NY,US,14225,,1904.20.1000,,1,KG,Prostagorx,Prostagorx
RD-102,,PCS,NOT SHIPPED,,,,,,,,,,,,,,,,,,,,,IMS OF WESTERN NY,,,16-131314301,2540 WALDEN AVE,SUITE 450,BUFFALO,NY,US,14225,,,IMS OF WESTERN NY,,,16-131314301,2540 WALDEN AVE,SUITE 450,BUFFALO,NY,US,14225,,,,1,KG,RD-102,N95 Mask - pack of 20
RD-Doloryxin,,PCS,NOT SHIPPED,,,,,,,,,,,,,,,,,,,,,IMS OF WESTERN NY,,,16-131314301,2540 WALDEN AVE,SUITE 450,BUFFALO,NY,US,14225,,,IMS OF WESTERN NY,,,16-131314301,2540 WALDEN AVE,SUITE 450,BUFFALO,NY,US,14225,,,,1,KG,RD-Doloryxin,Doloryxin
RD-Reumatoxine,,PCS,NOT SHIPPED,,,,,,,,,,,,,,,,,,,,,IMS OF WESTERN NY,,,16-131314301,2540 WALDEN AVE,SUITE 450,BUFFALO,NY,US,14225,,,IMS OF WESTERN NY,,,16-131314301,2540 WALDEN AVE,SUITE 450,BUFFALO,NY,US,14225,,,,1,KG,RD-Reumatoxine,Rheumatoxin
RZ-UVA-2000-VH4,,PCS,299,,,,CN,,,PURA AIR AIR PURIFICATION SYSTEM,,,RENOWNUV ELECTRIC CO LTD         ,,,CNRENELE7CHO,F7 C6 BLDG SHUGUANG INDL PK,GANG'AN 2ND RD,CHONGQING,,CN,400026,,IMS OF WESTERN NY,,,16-131314301,2540 WALDEN AVE,SUITE 450,BUFFALO,NY,US,14225,,,IMS OF WESTERN NY,,,16-131314301,2540 WALDEN AVE,SUITE 450,BUFFALO,NY,US,14225,,8421.39.8015,,1,KG,RZ-UVA-2000-VH4,Pura air Air Purification system
SL-CLEANSE,,PCS,89.95,,,,XO,,,COLOFIT DETOX - COLON CLEANSE DIETARY SUPPLEMENT 60 CAPS,,,NUTRANORTH,,,XONUT1330MIS,1330 FEWSTER DR,,MISSISSAUGA,ON,CA,L4W 1A4,,IMS OF WESTERN NY,,,16-131314301,2540 WALDEN AVE,SUITE 450,BUFFALO,NY,US,14225,,,IMS OF WESTERN NY,,,16-131314301,2540 WALDEN AVE,SUITE 450,BUFFALO,NY,US,14225,,2106.90.9998,,1,KG,SL-Cleanse,
SL-GARCINIA,,PCS,23.97,,,,XO,,,MAXFIT GARCINIA WITH B12 DIETARY SUPPLEMENT 60 CAPS,,,NUTRANORTH,,,XONUT1330MIS,1330 FEWSTER DR,,MISSISSAUGA,ON,CA,L4W 1A4,,IMS OF WESTERN NY,,,16-131314301,2540 WALDEN AVE,SUITE 450,BUFFALO,NY,US,14225,,,IMS OF WESTERN NY,,,16-131314301,2540 WALDEN AVE,SUITE 450,BUFFALO,NY,US,14225,,2106.90.9998,,1,KG,SL-Garcinia,
SL-KETOEV,,PCS,89.95,,,,XO,,,KETO EVOLVE 60 CAPS  DIETARY SUPPLEMENT,,,NUTRANORTH,,,XONUT1330MIS,1330 FEWSTER DR,,MISSISSAUGA,ON,CA,L4W 1A4,,IMS OF WESTERN NY,,,16-131314301,2540 WALDEN AVE,SUITE 450,BUFFALO,NY,US,14225,,,IMS OF WESTERN NY,,,16-131314301,2540 WALDEN AVE,SUITE 450,BUFFALO,NY,US,14225,,2106.90.9998,,1,KG,SL-KETOEV,
SL-KETOREFL,,PCS,89.95,,,,XO,,,KETO REFLECTION 60 CAPS  DIETARY SUPPLEMENT,,,NUTRANORTH,,,XONUT1330MIS,1330 FEWSTER DR,,MISSISSAUGA,ON,CA,L4W 1A4,,IMS OF WESTERN NY,,,16-131314301,2540 WALDEN AVE,SUITE 450,BUFFALO,NY,US,14225,,,IMS OF WESTERN NY,,,16-131314301,2540 WALDEN AVE,SUITE 450,BUFFALO,NY,US,14225,,2106.90.9998,,1,KG,SL-KETOREFL,
SL-KETORUS,,PCS,89.95,,,,XO,,,KETO RUSH 60 CAPS  DIETARY SUPPLEMENT,,,NUTRANORTH,,,XONUT1330MIS,1330 FEWSTER DR,,MISSISSAUGA,ON,CA,L4W 1A4,,IMS OF WESTERN NY,,,16-131314301,2540 WALDEN AVE,SUITE 450,BUFFALO,NY,US,14225,,,IMS OF WESTERN NY,,,16-131314301,2540 WALDEN AVE,SUITE 450,BUFFALO,NY,US,14225,,2106.90.9998,,1,KG,SL-KETORUS,
SL-KETOTHRI,,PCS,89.95,,,,XO,,,THRIVE KETO 60 CAPS  DIETARY SUPPLEMENTS,,,NUTRANORTH,,,XONUT1330MIS,1330 FEWSTER DR,,MISSISSAUGA,ON,CA,L4W 1A4,,IMS OF WESTERN NY,,,16-131314301,2540 WALDEN AVE,SUITE 450,BUFFALO,NY,US,14225,,,IMS OF WESTERN NY,,,16-131314301,2540 WALDEN AVE,SUITE 450,BUFFALO,NY,US,14225,,2106.90.9998,,1,KG,SL-KETOTHRI,
SL-MCEV,,PCS,89.95,,,,XO,,,MANGO CLEANSE EVOLVE 60 CAPS DIETARY SUPPLEMENT,,,NUTRANORTH,,,XONUT1330MIS,1330 FEWSTER DR,,MISSISSAUGA,ON,CA,L4W 1A4,,IMS OF WESTERN NY,,,16-131314301,2540 WALDEN AVE,SUITE 450,BUFFALO,NY,US,14225,,,IMS OF WESTERN NY,,,16-131314301,2540 WALDEN AVE,SUITE 450,BUFFALO,NY,US,14225,,2106.90.9998,,1,KG,SL-MCEV,
SMAC-90,,PCS,5.99,,,,XQ,,,SUPER MUESLI APPLE AND CINNAMON (90G),,,AXIA SERVICES,,,XQAXISER1302MON,13025 RUE JEAN GROU,,MONTREAL,QC,CA,H1A 3N6,,IMS OF WESTERN NY,,,16-131314301,2540 WALDEN AVE,SUITE 450,BUFFALO,NY,US,14225,,,IMS OF WESTERN NY,,,16-131314301,2540 WALDEN AVE,SUITE 450,BUFFALO,NY,US,14225,,1904.20.1000,,1,KG,SMAC-90,Super Muesli Apple Cinnamon (90g) - US
SMAC-90,,PCS,5.99,,,,XQ,,,SUPER MUESLI APPLE AND CINNAMON (90G),,,AXIA SERVICES,,,XQAXISER1302MON,13025 RUE JEAN GROU,,MONTREAL,QC,CA,H1A 3N6,,IMS OF WESTERN NY,,,16-131314301,2540 WALDEN AVE,SUITE 450,BUFFALO,NY,US,14225,,,IMS OF WESTERN NY,,,16-131314301,2540 WALDEN AVE,SUITE 450,BUFFALO,NY,US,14225,,1904.20.1000,,1,KG,SMAC-90,Super Muesli Apple Cinnamon (90g) - CAN
SMCC-90,,PCS,5.99,,,,XQ,,,SUPER MUESLI COCOA (90G),,,AXIA SERVICES,,,XQAXISER1302MON,13025 RUE JEAN GROU,,MONTREAL,QC,CA,H1A 3N6,,IMS OF WESTERN NY,,,16-131314301,2540 WALDEN AVE,SUITE 450,BUFFALO,NY,US,14225,,,IMS OF WESTERN NY,,,16-131314301,2540 WALDEN AVE,SUITE 450,BUFFALO,NY,US,14225,,1904.20.1000,,1,KG,SMCC-90,Super Muesli Cocoa (90g) - US
SMCC-90,,PCS,5.99,,,,XQ,,,SUPER MUESLI COCOA (90G),,,AXIA SERVICES,,,XQAXISER1302MON,13025 RUE JEAN GROU,,MONTREAL,QC,CA,H1A 3N6,,IMS OF WESTERN NY,,,16-131314301,2540 WALDEN AVE,SUITE 450,BUFFALO,NY,US,14225,,,IMS OF WESTERN NY,,,16-131314301,2540 WALDEN AVE,SUITE 450,BUFFALO,NY,US,14225,,1904.20.1000,,1,KG,SMCC-90,Super Muesli Cocoa (90g) - CAN
SML-CLEARMOIS,,PCS,35.97,,,,US,,,CRYSTAL CLEAR REVITILIZING MOISTURIZER - 30 ML,,,WPS SKIN CARE MANUFACTURING LLC,,,USWPSSKI7205SAI,7205 30TH AVE,,SAINT PETERSBURG,FL,US,33710,,IMS OF WESTERN NY,,,16-131314301,2540 WALDEN AVE,SUITE 450,BUFFALO,NY,US,14225,,,IMS OF WESTERN NY,,,16-131314301,2540 WALDEN AVE,SUITE 450,BUFFALO,NY,US,14225,,3304.99.5000,,1,KG,SML-CLEARMOIS,Crystal Clear Revitilizing Moisturizer - 30 ml
SML-CLEARREJU,,PCS,89.97,,,,US,,,CRYSTAL CLEAR REJUVENATING FACIAL SERUM - 30 ML,,,WPS SKIN CARE MANUFACTURING LLC,,,USWPSSKI7205SAI,7205 30TH AVE,,SAINT PETERSBURG,FL,US,33710,,IMS OF WESTERN NY,,,16-131314301,2540 WALDEN AVE,SUITE 450,BUFFALO,NY,US,14225,,,IMS OF WESTERN NY,,,16-131314301,2540 WALDEN AVE,SUITE 450,BUFFALO,NY,US,14225,,3304.99.5000,,1,KG,SML-CLEARREJU,Crystal Clear Rejuvenating Facial Serum - 30 ml
SML-CLEARSER,,PCS,35.97,,,,US,,,CRYSTAL CLEAR AGELESS EYE REVITILIZER - 15 ML,,,WPS SKIN CARE MANUFACTURING LLC,,,USWPSSKI7205SAI,7205 30TH AVE,,SAINT PETERSBURG,FL,US,33710,,IMS OF WESTERN NY,,,16-131314301,2540 WALDEN AVE,SUITE 450,BUFFALO,NY,US,14225,,,IMS OF WESTERN NY,,,16-131314301,2540 WALDEN AVE,SUITE 450,BUFFALO,NY,US,14225,,3304.99.5000,,1,KG,SML-CLEARSER,Crystal Clear Ageless Eye Revitilizer - 15 ml
SML-NATUREFOR,,PCS,89.95,,,,XO,,,NATURE BLEND FORSKOLIN - 30 CAPS - DIETARY SUPPLEMENT 30 CAPS,,,NUTRANORTH,,,XONUT1330MIS,1330 FEWSTER DR,,MISSISSAUGA,ON,CA,L4W 1A4,,IMS OF WESTERN NY,,,16-131314301,2540 WALDEN AVE,SUITE 450,BUFFALO,NY,US,14225,,,IMS OF WESTERN NY,,,16-131314301,2540 WALDEN AVE,SUITE 450,BUFFALO,NY,US,14225,,2106.90.9998,,1,KG,SML-NATUREFOR,
SML-NATUREKE,,PCS,89.95,,,,XO,,,NATURE BLEND KETO - 60 CAPS  DIETARY SUPPLEMENT 60 CAPS,,,NUTRANORTH,,,XONUT1330MIS,1330 FEWSTER DR,,MISSISSAUGA,ON,CA,L4W 1A4,,IMS OF WESTERN NY,,,16-131314301,2540 WALDEN AVE,SUITE 450,BUFFALO,NY,US,14225,,,IMS OF WESTERN NY,,,16-131314301,2540 WALDEN AVE,SUITE 450,BUFFALO,NY,US,14225,,2106.90.9998,,1,KG,SML-NATUREKE,
SML-NATUREMAN,,PCS,89.95,,,,XO,,,NATURE BLEND AFRICAN MANGO CLEANSE - 60 CAPS,,,NUTRANORTH,,,XONUT1330MIS,1330 FEWSTER DR,,MISSISSAUGA,ON,CA,L4W 1A4,,IMS OF WESTERN NY,,,16-131314301,2540 WALDEN AVE,SUITE 450,BUFFALO,NY,US,14225,,,IMS OF WESTERN NY,,,16-131314301,2540 WALDEN AVE,SUITE 450,BUFFALO,NY,US,14225,,2106.90.9998,,1,KG,SML-NATUREMAN,
SML-EYESERUM,,PCS,35.97,,,,US,,,SIMPLY ANTI-AGING EYE SERUM .5OZ,,,EVORA WORLDWIDE,,,USEVOWOR1120SAI,11201 CORPORATE CR,,SAINT PETERSBURG,FL,US,33716,,IMS OF WESTERN NY,,,16-131314301,2540 WALDEN AVE,SUITE 450,BUFFALO,NY,US,14225,,,IMS OF WESTERN NY,,,16-131314301,2540 WALDEN AVE,SUITE 450,BUFFALO,NY,US,14225,,9801.00.1098,,1,KG,SML-EYESERUM,
SML-INSTANTWRINKLE,,PCS,89.97,,,,US,,,SIMPLY ANTI-AGING EYE SERUM .5OZ,,,EVORA WORLDWIDE,,,USEVOWOR1120SAI,11201 CORPORATE CR,,SAINT PETERSBURG,FL,US,33716,,IMS OF WESTERN NY,,,16-131314301,2540 WALDEN AVE,SUITE 450,BUFFALO,NY,US,14225,,,IMS OF WESTERN NY,,,16-131314301,2540 WALDEN AVE,SUITE 450,BUFFALO,NY,US,14225,,9801.00.1098,,1,KG,SML-INSTANTWRINKLE,
SML-ROCKWERX,,PCS,89.95,,,,XO,,,ROCKWERX ADVANCE FORMULA  DIETARY SUPPLEMENT 60 CAPS,,,NUTRANORTH,,,XONUT1330MIS,1330 FEWSTER DR,,MISSISSAUGA,ON,CA,L4W 1A4,,IMS OF WESTERN NY,,,16-131314301,2540 WALDEN AVE,SUITE 450,BUFFALO,NY,US,14225,,,IMS OF WESTERN NY,,,16-131314301,2540 WALDEN AVE,SUITE 450,BUFFALO,NY,US,14225,,2106.90.9998,,1,KG,SML-ROCKWERX,Rockwerx Male Advance Formula -60 caps
SML-STACKSZ1,,PCS,89.95,,,,XO,,,STACKSZ1 MUSCLE  DIETARY SUPPLEMENT 60 CAPS,,,NUTRANORTH,,,XONUT1330MIS,1330 FEWSTER DR,,MISSISSAUGA,ON,CA,L4W 1A4,,IMS OF WESTERN NY,,,16-131314301,2540 WALDEN AVE,SUITE 450,BUFFALO,NY,US,14225,,,IMS OF WESTERN NY,,,16-131314301,2540 WALDEN AVE,SUITE 450,BUFFALO,NY,US,14225,,2106.90.9998,,1,KG,SML-STACKSZ1,StacksZ1 Muscle - 60 caps
SMMP-90,,PCS,5.99,,,,XQ,,,SUPER MUESLI PEANUTS+MAPLE (90G),,,AXIA SERVICES,,,XQAXISER1302MON,13025 RUE JEAN GROU,,MONTREAL,QC,CA,H1A 3N6,,IMS OF WESTERN NY,,,16-131314301,2540 WALDEN AVE,SUITE 450,BUFFALO,NY,US,14225,,,IMS OF WESTERN NY,,,16-131314301,2540 WALDEN AVE,SUITE 450,BUFFALO,NY,US,14225,,1904.20.1000,,1,KG,SMMP-90,Super Muesli Peanuts Maple (90g) - US
SMMP-90,,PCS,5.99,,,,XQ,,,SUPER MUESLI PEANUTS+MAPLE (90G),,,AXIA SERVICES,,,XQAXISER1302MON,13025 RUE JEAN GROU,,MONTREAL,QC,CA,H1A 3N6,,IMS OF WESTERN NY,,,16-131314301,2540 WALDEN AVE,SUITE 450,BUFFALO,NY,US,14225,,,IMS OF WESTERN NY,,,16-131314301,2540 WALDEN AVE,SUITE 450,BUFFALO,NY,US,14225,,1904.20.1000,,1,KG,SMMP-90,Super Muesli Peanuts Maple (90g) - CAN
SMRC-90,,PCS,5.99,,,,XQ,,,SUPER MUESLI RASPBERRY+COCONUT (90G),,,AXIA SERVICES,,,XQAXISER1302MON,13025 RUE JEAN GROU,,MONTREAL,QC,CA,H1A 3N6,,IMS OF WESTERN NY,,,16-131314301,2540 WALDEN AVE,SUITE 450,BUFFALO,NY,US,14225,,,IMS OF WESTERN NY,,,16-131314301,2540 WALDEN AVE,SUITE 450,BUFFALO,NY,US,14225,,1904.20.1000,,1,KG,SMRC-90,Super Muesli Raspberry Coconut (90g) - US
SMRC-90,,PCS,5.99,,,,XQ,,,SUPER MUESLI RASPBERRY+COCONUT (90G),,,AXIA SERVICES,,,XQAXISER1302MON,13025 RUE JEAN GROU,,MONTREAL,QC,CA,H1A 3N6,,IMS OF WESTERN NY,,,16-131314301,2540 WALDEN AVE,SUITE 450,BUFFALO,NY,US,14225,,,IMS OF WESTERN NY,,,16-131314301,2540 WALDEN AVE,SUITE 450,BUFFALO,NY,US,14225,,1904.20.1000,,1,KG,SMRC-90,Super Muesli Raspberry Coconut (90g) - CAN
SMVC-90,,PCS,5.99,,,,XQ,,,SUPER MUESLI CHAI (90G),,,AXIA SERVICES,,,XQAXISER1302MON,13025 RUE JEAN GROU,,MONTREAL,QC,CA,H1A 3N6,,IMS OF WESTERN NY,,,16-131314301,2540 WALDEN AVE,SUITE 450,BUFFALO,NY,US,14225,,,IMS OF WESTERN NY,,,16-131314301,2540 WALDEN AVE,SUITE 450,BUFFALO,NY,US,14225,,1904.20.1000,,1,KG,SMVC-90,Super Muesli Chai (90g) - US
SMVC-90,,PCS,5.99,,,,XQ,,,SUPER MUESLI CHAI (90G),,,AXIA SERVICES,,,XQAXISER1302MON,13025 RUE JEAN GROU,,MONTREAL,QC,CA,H1A 3N6,,IMS OF WESTERN NY,,,16-131314301,2540 WALDEN AVE,SUITE 450,BUFFALO,NY,US,14225,,,IMS OF WESTERN NY,,,16-131314301,2540 WALDEN AVE,SUITE 450,BUFFALO,NY,US,14225,,1904.20.1000,,1,KG,SMVC-90,Super Muesli Chai (90g) - CAN
SMVV-90,,PCS,5.99,,,,XQ,,,SUPER MUESLI VANILLA (90G),,,AXIA SERVICES,,,XQAXISER1302MON,13025 RUE JEAN GROU,,MONTREAL,QC,CA,H1A 3N6,,IMS OF WESTERN NY,,,16-131314301,2540 WALDEN AVE,SUITE 450,BUFFALO,NY,US,14225,,,IMS OF WESTERN NY,,,16-131314301,2540 WALDEN AVE,SUITE 450,BUFFALO,NY,US,14225,,1904.20.1000,,1,KG,SMVV-90,Super Muesli Vanilla (90g) - US
SMVV-90,,PCS,5.99,,,,XQ,,,SUPER MUESLI VANILLA (90G),,,AXIA SERVICES,,,XQAXISER1302MON,13025 RUE JEAN GROU,,MONTREAL,QC,CA,H1A 3N6,,IMS OF WESTERN NY,,,16-131314301,2540 WALDEN AVE,SUITE 450,BUFFALO,NY,US,14225,,,IMS OF WESTERN NY,,,16-131314301,2540 WALDEN AVE,SUITE 450,BUFFALO,NY,US,14225,,1904.20.1000,,1,KG,SMVV-90,Super Muesli Vanilla (90g) - CAN
Tevida,,PCS,NOT SHIPPED,,,,,,,,,,,,,,,,,,,,,IMS OF WESTERN NY,,,16-131314301,2540 WALDEN AVE,SUITE 450,BUFFALO,NY,US,14225,,,IMS OF WESTERN NY,,,16-131314301,2540 WALDEN AVE,SUITE 450,BUFFALO,NY,US,14225,,,,,,Tevida,Tevida
Tevida ,,PCS,NOT SHIPPED,,,,,,,,,,,,,,,,,,,,,IMS OF WESTERN NY,,,16-131314301,2540 WALDEN AVE,SUITE 450,BUFFALO,NY,US,14225,,,IMS OF WESTERN NY,,,16-131314301,2540 WALDEN AVE,SUITE 450,BUFFALO,NY,US,14225,,1904.20.1000,,1,KG,Tevida ,Tevida 
TN-USTEVIDA,,PCS,89.95,,,,XO,,,TEVIDA 60 CAPS,,,NUTRANORTH,,,XONUT1330MIS,1330 FEWSTER DR,,MISSISSAUGA,ON,CA,L4W 1A4,,IMS OF WESTERN NY,,,16-131314301,2540 WALDEN AVE,SUITE 450,BUFFALO,NY,US,14225,,,IMS OF WESTERN NY,,,16-131314301,2540 WALDEN AVE,SUITE 450,BUFFALO,NY,US,14225,,2106.90.9998,,1,KG,TN-USTevida,Tevida 60 caps - US
TN-USVASCULARX,,PCS,89.95,,,,XO,,,VASCULAR X 60 CAPS - US,,,NUTRANORTH,,,XONUT1330MIS,1330 FEWSTER DR,,MISSISSAUGA,ON,CA,L4W 1A4,,IMS OF WESTERN NY,,,16-131314301,2540 WALDEN AVE,SUITE 450,BUFFALO,NY,US,14225,,,IMS OF WESTERN NY,,,16-131314301,2540 WALDEN AVE,SUITE 450,BUFFALO,NY,US,14225,,2106.90.9998,,1,KG,TN-USVascularX,Vascular X 60 caps - US
US SciMar NuPa Daily,,PCS,NOT SHIPPED,,,,,,,,,,,,,,,,,,,,,IMS OF WESTERN NY,,,16-131314301,2540 WALDEN AVE,SUITE 450,BUFFALO,NY,US,14225,,,IMS OF WESTERN NY,,,16-131314301,2540 WALDEN AVE,SUITE 450,BUFFALO,NY,US,14225,,,,,,US SciMar NuPa Daily,US SciMar NuPa Daily
US-ITL-QUAMCOFFEE,,PCS,89.95,,,,XO,,,QUAM NATURAL GREEN COFFEE BEAN EXTRACT - 60 CAP,,,NUTRANORTH,,,XONUT1330MIS,1330 FEWSTER DR,,MISSISSAUGA,ON,CA,L4W 1A4,,IMS OF WESTERN NY,,,16-131314301,2540 WALDEN AVE,SUITE 450,BUFFALO,NY,US,14225,,,IMS OF WESTERN NY,,,16-131314301,2540 WALDEN AVE,SUITE 450,BUFFALO,NY,US,14225,,2106.90.9998,,1,KG,US-ITL-QUAMCOFFEE,US QUAM Natural Green Coffee Bean Extract - 60 caps
Vascular X,,PCS,NOT SHIPPED,,,,,,,,,,,,,,,,,,,,,IMS OF WESTERN NY,,,16-131314301,2540 WALDEN AVE,SUITE 450,BUFFALO,NY,US,14225,,,IMS OF WESTERN NY,,,16-131314301,2540 WALDEN AVE,SUITE 450,BUFFALO,NY,US,14225,,1904.20.1000,,1,KG,Vascular X,Vascular X
VITRAXYN-MALE,,PCS,33,,,,XO,,,VEROCITY MENï¿½S HEALTH DIETARY SUPP  60 CAPS,,,NUTRANORTH,,,XONUT1330MIS,1330 FEWSTER DR,,MISSISSAUGA,ON,CA,L4W 1A4,,IMS OF WESTERN NY,,,16-131314301,2540 WALDEN AVE,SUITE 450,BUFFALO,NY,US,14225,,,IMS OF WESTERN NY,,,16-131314301,2540 WALDEN AVE,SUITE 450,BUFFALO,NY,US,14225,,2106.90.9998,,1,KG,VITRAXYN-MALE,Vitraxyn Male Enhacement Complex - 60 caps
VITRAXYN-NITRICOX,,PCS,33,,,,XO,,,VEROCITY TESTO MAX - 60 CAPS   DIETARY SUPPLEMENT,,,NUTRANORTH,,,XONUT1330MIS,1330 FEWSTER DR,,MISSISSAUGA,ON,CA,L4W 1A4,,IMS OF WESTERN NY,,,16-131314301,2540 WALDEN AVE,SUITE 450,BUFFALO,NY,US,14225,,,IMS OF WESTERN NY,,,16-131314301,2540 WALDEN AVE,SUITE 450,BUFFALO,NY,US,14225,,2106.90.9998,,1,KG,VITRAXYN-NITRICOX,Vitraxyn Nitric Oxide Booster - 60 caps
VNI-HEMPCAP,,PCS,33,,,,US,,,VEROCITY PURE HEMP MAX 60 CAPSULES  DIETARY SUPPLEMENT,,,ION LABS,,,USIONLAB8031LAR,8031 114TH AVE,,LARGO,FL,US,33773,,IMS OF WESTERN NY,,,16-131314301,2540 WALDEN AVE,SUITE 450,BUFFALO,NY,US,14225,,,IMS OF WESTERN NY,,,16-131314301,2540 WALDEN AVE,SUITE 450,BUFFALO,NY,US,14225,,2106.90.9998,,1,KG,VNI-HEMPCAP,Verocity Pure Hemp Max Drops - 30 ml
VNI-KETOBURN,,PCS,33,,,,US,,,VEROCITY KETO BURN MAX 60 CAPS  DIETARY SUPPLEMENT,,,ION LABS,,,USIONLAB8031LAR,8031 114TH AVE,,LARGO,FL,US,33773,,IMS OF WESTERN NY,,,16-131314301,2540 WALDEN AVE,SUITE 450,BUFFALO,NY,US,14225,,,IMS OF WESTERN NY,,,16-131314301,2540 WALDEN AVE,SUITE 450,BUFFALO,NY,US,14225,,2106.90.9998,,1,KG,VNI-KETOBURN,Verocity Keto Burn Max 60 Caps
VNI-MALE,,PCS,33,,,,XO,,,VEROCITY MENï¿½S HEALTH DIETARY SUPP  60 CAPS,,,NUTRANORTH,,,XONUT1330MIS,1330 FEWSTER DR,,MISSISSAUGA,ON,CA,L4W 1A4,,IMS OF WESTERN NY,,,16-131314301,2540 WALDEN AVE,SUITE 450,BUFFALO,NY,US,14225,,,IMS OF WESTERN NY,,,16-131314301,2540 WALDEN AVE,SUITE 450,BUFFALO,NY,US,14225,,2106.90.9998,,1,KG,VNI-MALE,Verocity Men's Health
VNI-TEST,,PCS,33,,,,XO,,,VEROCITY TESTO MAX - 60 CAPS   DIETARY SUPPLEMENT,,,NUTRANORTH,,,XONUT1330MIS,1330 FEWSTER DR,,MISSISSAUGA,ON,CA,L4W 1A4,,IMS OF WESTERN NY,,,16-131314301,2540 WALDEN AVE,SUITE 450,BUFFALO,NY,US,14225,,,IMS OF WESTERN NY,,,16-131314301,2540 WALDEN AVE,SUITE 450,BUFFALO,NY,US,14225,,2106.90.9998,,1,KG,VNI-TEST,Verocity Testo Max
XQ-21NC-0ZDL_US,,PCS,23.97,,,,XO,,,"US PLANTVITAL MORINGA, 120 SOFTGEL CAPS",,,NUTRANORTH,,,XONUT1330MIS,1330 FEWSTER DR,,MISSISSAUGA,ON,CA,L4W 1A4,,IMS OF WESTERN NY,,,16-131314301,2540 WALDEN AVE,SUITE 450,BUFFALO,NY,US,14225,,,IMS OF WESTERN NY,,,16-131314301,2540 WALDEN AVE,SUITE 450,BUFFALO,NY,US,14225,,2106.90.9998,,1,KG,XQ-21NC-0ZDL_US,US PlantVital Moringa
ZORAW-US-MILK-ALMONDS-12,,PCS,40,,,,XO,,,ZORAW BOX OF 12 MILK PROTEIN CHOCOLATE BARS (WITH ALMOND),,,ZORAW SUSTENANCE INC,,,XOZORSUS6668MIS,6-6685 PACIFIC CIRCLE,,MISSISSAUGA,ON,CA,L5T 1V6,,IMS OF WESTERN NY,,,16-131314301,2540 WALDEN AVE,SUITE 450,BUFFALO,NY,US,14225,,,IMS OF WESTERN NY,,,16-131314301,2540 WALDEN AVE,SUITE 450,BUFFALO,NY,US,14225,,1806.90.9090,,1,KG,ZORAW-US-MILK-ALMONDS-12,ZoRaw Box of 12 milk protein chocolate bars (with almond)
